Countrycode;;;;;;;;;;;;;;;;;
NI;;;;;;;;;;;;;;;;;
PA;;;;;;;;;;;;;;;;;
PA;;;;;;;;;;;;;;;;;
CO;;;;;;;;;;;;;;;;;
CO;;;;;;;;;;;;;;;;;
MX;;;;;;;;;;;;;;;;;
CO;;;;;;;;;;;;;;;;;
MX;;;;;;;;;;;;;;;;;
CR;;;;;;;;;;;;;;;;;
CR;;;;;;;;;;;;;;;;;
CR;;;;;;;;;;;;;;;;;
CO;;;;;;;;;;;;;;;;;
PA;;;;;;;;;;;;;;;;;
CO;;;;;;;;;;;;;;;;;
MX;;;;;;;;;;;;;;;;;
CR;;;;;;;;;;;;;;;;;
CR;;;;;;;;;;;;;;;;;
BR;;;;;;;;;;;;;;;;;
CO;;;;;;;;;;;;;;;;;
CR;;;;;;;;;;;;;;;;;
CR;;;;;;;;;;;;;;;;;
CR;;;;;;;;;;;;;;;;;
CR;;;;;;;;;;;;;;;;;
CR;;;;;;;;;;;;;;;;;
MX;;;;;;;;;;;;;;;;;
CR;;;;;;;;;;;;;;;;;
PA;;;;;;;;;;;;;;;;;
CR;;;;;;;;;;;;;;;;;
NI;;;;;;;;;;;;;;;;;
BR;;;;;;;;;;;;;;;;;
BR;;;;;;;;;;;;;;;;;
BR;;;;;;;;;;;;;;;;;
BR;;;;;;;;;;;;;;;;;
BR;;;;;;;;;;;;;;;;;
BR;;;;;;;;;;;;;;;;;
BR;;;;;;;;;;;;;;;;;
BR;;;;;;;;;;;;;;;;;
BR;;;;;;;;;;;;;;;;;
BR;;;;;;;;;;;;;;;;;
BR;;;;;;;;;;;;;;;;;
BR;;;;;;;;;;;;;;;;;
BR;;;;;;;;;;;;;;;;;
PA;;;;;;;;;;;;;;;;;
CR;;;;;;;;;;;;;;;;;
CR;;;;;;;;;;;;;;;;;
CR;;;;;;;;;;;;;;;;;
MX;;;;;;;;;;;;;;;;;
CO;;;;;;;;;;;;;;;;;
MX;;;;;;;;;;;;;;;;;
CO;;;;;;;;;;;;;;;;;
CO;;;;;;;;;;;;;;;;;
CO;;;;;;;;;;;;;;;;;
CO;;;;;;;;;;;;;;;;;
CO;;;;;;;;;;;;;;;;;
CO;;;;;;;;;;;;;;;;;
CO;;;;;;;;;;;;;;;;;
CO;;;;;;;;;;;;;;;;;
CO;;;;;;;;;;;;;;;;;
CO;;;;;;;;;;;;;;;;;
CO;;;;;;;;;;;;;;;;;
CO;;;;;;;;;;;;;;;;;
CO;;;;;;;;;;;;;;;;;
CO;;;;;;;;;;;;;;;;;
CO;;;;;;;;;;;;;;;;;
CO;;;;;;;;;;;;;;;;;
CO;;;;;;;;;;;;;;;;;
CO;;;;;;;;;;;;;;;;;
CO;;;;;;;;;;;;;;;;;
CO;;;;;;;;;;;;;;;;;
CO;;;;;;;;;;;;;;;;;
CO;;;;;;;;;;;;;;;;;
CO;;;;;;;;;;;;;;;;;
CO;;;;;;;;;;;;;;;;;
CO;;;;;;;;;;;;;;;;;
CO;;;;;;;;;;;;;;;;;
CO;;;;;;;;;;;;;;;;;
CO;;;;;;;;;;;;;;;;;
CO;;;;;;;;;;;;;;;;;
CO;;;;;;;;;;;;;;;;;
CO;;;;;;;;;;;;;;;;;
CO;;;;;;;;;;;;;;;;;
CO;;;;;;;;;;;;;;;;;
CO;;;;;;;;;;;;;;;;;
CO;;;;;;;;;;;;;;;;;
CO;;;;;;;;;;;;;;;;;
CO;;;;;;;;;;;;;;;;;
CO;;;;;;;;;;;;;;;;;
CO;;;;;;;;;;;;;;;;;
CO;;;;;;;;;;;;;;;;;
CO;;;;;;;;;;;;;;;;;
MX;;;;;;;;;;;;;;;;;
MX;;;;;;;;;;;;;;;;;
MX;;;;;;;;;;;;;;;;;
CR;;;;;;;;;;;;;;;;;
CO;;;;;;;;;;;;;;;;;
CR;;;;;;;;;;;;;;;;;
CO;;;;;;;;;;;;;;;;;
CR;;;;;;;;;;;;;;;;;
CO;;;;;;;;;;;;;;;;;
MX;;;;;;;;;;;;;;;;;
MX;;;;;;;;;;;;;;;;;
MX;;;;;;;;;;;;;;;;;
MX;;;;;;;;;;;;;;;;;
MX;;;;;;;;;;;;;;;;;
MX;;;;;;;;;;;;;;;;;
MX;;;;;;;;;;;;;;;;;
MX;;;;;;;;;;;;;;;;;
MX;;;;;;;;;;;;;;;;;
MX;;;;;;;;;;;;;;;;;
MX;;;;;;;;;;;;;;;;;
MX;;;;;;;;;;;;;;;;;
MX;;;;;;;;;;;;;;;;;
MX;;;;;;;;;;;;;;;;;
MX;;;;;;;;;;;;;;;;;
MX;;;;;;;;;;;;;;;;;
MX;;;;;;;;;;;;;;;;;
MX;;;;;;;;;;;;;;;;;
MX;;;;;;;;;;;;;;;;;
MX;;;;;;;;;;;;;;;;;
MX;;;;;;;;;;;;;;;;;
MX;;;;;;;;;;;;;;;;;
MX;;;;;;;;;;;;;;;;;
MX;;;;;;;;;;;;;;;;;
MX;;;;;;;;;;;;;;;;;
MX;;;;;;;;;;;;;;;;;
MX;;;;;;;;;;;;;;;;;
MX;;;;;;;;;;;;;;;;;
MX;;;;;;;;;;;;;;;;;
MX;;;;;;;;;;;;;;;;;
MX;;;;;;;;;;;;;;;;;
MX;;;;;;;;;;;;;;;;;
MX;;;;;;;;;;;;;;;;;
MX;;;;;;;;;;;;;;;;;
MX;;;;;;;;;;;;;;;;;
MX;;;;;;;;;;;;;;;;;
MX;;;;;;;;;;;;;;;;;
MX;;;;;;;;;;;;;;;;;
MX;;;;;;;;;;;;;;;;;
MX;;;;;;;;;;;;;;;;;
MX;;;;;;;;;;;;;;;;;
MX;;;;;;;;;;;;;;;;;
MX;;;;;;;;;;;;;;;;;
MX;;;;;;;;;;;;;;;;;
MX;;;;;;;;;;;;;;;;;
MX;;;;;;;;;;;;;;;;;
MX;;;;;;;;;;;;;;;;;
MX;;;;;;;;;;;;;;;;;
MX;;;;;;;;;;;;;;;;;
MX;;;;;;;;;;;;;;;;;
MX;;;;;;;;;;;;;;;;;
MX;;;;;;;;;;;;;;;;;
MX;;;;;;;;;;;;;;;;;
MX;;;;;;;;;;;;;;;;;
MX;;;;;;;;;;;;;;;;;
MX;;;;;;;;;;;;;;;;;
MX;;;;;;;;;;;;;;;;;
MX;;;;;;;;;;;;;;;;;
MX;;;;;;;;;;;;;;;;;
MX;;;;;;;;;;;;;;;;;
MX;;;;;;;;;;;;;;;;;
MX;;;;;;;;;;;;;;;;;
MX;;;;;;;;;;;;;;;;;
MX;;;;;;;;;;;;;;;;;
MX;;;;;;;;;;;;;;;;;
MX;;;;;;;;;;;;;;;;;
MX;;;;;;;;;;;;;;;;;
MX;;;;;;;;;;;;;;;;;
MX;;;;;;;;;;;;;;;;;
MX;;;;;;;;;;;;;;;;;
MX;;;;;;;;;;;;;;;;;
MX;;;;;;;;;;;;;;;;;
MX;;;;;;;;;;;;;;;;;
MX;;;;;;;;;;;;;;;;;
MX;;;;;;;;;;;;;;;;;
MX;;;;;;;;;;;;;;;;;
MX;;;;;;;;;;;;;;;;;
MX;;;;;;;;;;;;;;;;;
MX;;;;;;;;;;;;;;;;;
MX;;;;;;;;;;;;;;;;;
MX;;;;;;;;;;;;;;;;;
MX;;;;;;;;;;;;;;;;;
MX;;;;;;;;;;;;;;;;;
MX;;;;;;;;;;;;;;;;;
MX;;;;;;;;;;;;;;;;;
MX;;;;;;;;;;;;;;;;;
MX;;;;;;;;;;;;;;;;;
MX;;;;;;;;;;;;;;;;;
MX;;;;;;;;;;;;;;;;;
MX;;;;;;;;;;;;;;;;;
MX;;;;;;;;;;;;;;;;;
MX;;;;;;;;;;;;;;;;;
MX;;;;;;;;;;;;;;;;;
MX;;;;;;;;;;;;;;;;;
MX;;;;;;;;;;;;;;;;;
MX;;;;;;;;;;;;;;;;;
MX;;;;;;;;;;;;;;;;;
MX;;;;;;;;;;;;;;;;;
MX;;;;;;;;;;;;;;;;;
MX;;;;;;;;;;;;;;;;;
MX;;;;;;;;;;;;;;;;;
MX;;;;;;;;;;;;;;;;;
MX;;;;;;;;;;;;;;;;;
MX;;;;;;;;;;;;;;;;;
MX;;;;;;;;;;;;;;;;;
MX;;;;;;;;;;;;;;;;;
MX;;;;;;;;;;;;;;;;;
MX;;;;;;;;;;;;;;;;;
MX;;;;;;;;;;;;;;;;;
MX;;;;;;;;;;;;;;;;;
MX;;;;;;;;;;;;;;;;;
MX;;;;;;;;;;;;;;;;;
MX;;;;;;;;;;;;;;;;;
MX;;;;;;;;;;;;;;;;;
MX;;;;;;;;;;;;;;;;;
MX;;;;;;;;;;;;;;;;;
MX;;;;;;;;;;;;;;;;;
MX;;;;;;;;;;;;;;;;;
MX;;;;;;;;;;;;;;;;;
MX;;;;;;;;;;;;;;;;;
MX;;;;;;;;;;;;;;;;;
MX;;;;;;;;;;;;;;;;;
MX;;;;;;;;;;;;;;;;;
MX;;;;;;;;;;;;;;;;;
MX;;;;;;;;;;;;;;;;;
MX;;;;;;;;;;;;;;;;;
MX;;;;;;;;;;;;;;;;;
MX;;;;;;;;;;;;;;;;;
MX;;;;;;;;;;;;;;;;;
MX;;;;;;;;;;;;;;;;;
MX;;;;;;;;;;;;;;;;;
MX;;;;;;;;;;;;;;;;;
MX;;;;;;;;;;;;;;;;;
MX;;;;;;;;;;;;;;;;;
MX;;;;;;;;;;;;;;;;;
MX;;;;;;;;;;;;;;;;;
MX;;;;;;;;;;;;;;;;;
MX;;;;;;;;;;;;;;;;;
MX;;;;;;;;;;;;;;;;;
MX;;;;;;;;;;;;;;;;;
MX;;;;;;;;;;;;;;;;;
MX;;;;;;;;;;;;;;;;;
MX;;;;;;;;;;;;;;;;;
MX;;;;;;;;;;;;;;;;;
MX;;;;;;;;;;;;;;;;;
MX;;;;;;;;;;;;;;;;;
MX;;;;;;;;;;;;;;;;;
MX;;;;;;;;;;;;;;;;;
MX;;;;;;;;;;;;;;;;;
MX;;;;;;;;;;;;;;;;;
MX;;;;;;;;;;;;;;;;;
MX;;;;;;;;;;;;;;;;;
MX;;;;;;;;;;;;;;;;;
MX;;;;;;;;;;;;;;;;;
MX;;;;;;;;;;;;;;;;;
MX;;;;;;;;;;;;;;;;;
MX;;;;;;;;;;;;;;;;;
MX;;;;;;;;;;;;;;;;;
MX;;;;;;;;;;;;;;;;;
MX;;;;;;;;;;;;;;;;;
MX;;;;;;;;;;;;;;;;;
MX;;;;;;;;;;;;;;;;;
MX;;;;;;;;;;;;;;;;;
MX;;;;;;;;;;;;;;;;;
MX;;;;;;;;;;;;;;;;;
MX;;;;;;;;;;;;;;;;;
MX;;;;;;;;;;;;;;;;;
MX;;;;;;;;;;;;;;;;;
MX;;;;;;;;;;;;;;;;;
MX;;;;;;;;;;;;;;;;;
MX;;;;;;;;;;;;;;;;;
MX;;;;;;;;;;;;;;;;;
MX;;;;;;;;;;;;;;;;;
MX;;;;;;;;;;;;;;;;;
MX;;;;;;;;;;;;;;;;;
MX;;;;;;;;;;;;;;;;;
MX;;;;;;;;;;;;;;;;;
MX;;;;;;;;;;;;;;;;;
MX;;;;;;;;;;;;;;;;;
MX;;;;;;;;;;;;;;;;;
MX;;;;;;;;;;;;;;;;;
MX;;;;;;;;;;;;;;;;;
MX;;;;;;;;;;;;;;;;;
MX;;;;;;;;;;;;;;;;;
MX;;;;;;;;;;;;;;;;;
MX;;;;;;;;;;;;;;;;;
MX;;;;;;;;;;;;;;;;;
MX;;;;;;;;;;;;;;;;;
MX;;;;;;;;;;;;;;;;;
MX;;;;;;;;;;;;;;;;;
MX;;;;;;;;;;;;;;;;;
MX;;;;;;;;;;;;;;;;;
MX;;;;;;;;;;;;;;;;;
MX;;;;;;;;;;;;;;;;;
MX;;;;;;;;;;;;;;;;;
MX;;;;;;;;;;;;;;;;;
MX;;;;;;;;;;;;;;;;;
MX;;;;;;;;;;;;;;;;;
MX;;;;;;;;;;;;;;;;;
MX;;;;;;;;;;;;;;;;;
MX;;;;;;;;;;;;;;;;;
MX;;;;;;;;;;;;;;;;;
MX;;;;;;;;;;;;;;;;;
MX;;;;;;;;;;;;;;;;;
MX;;;;;;;;;;;;;;;;;
MX;;;;;;;;;;;;;;;;;
MX;;;;;;;;;;;;;;;;;
MX;;;;;;;;;;;;;;;;;
MX;;;;;;;;;;;;;;;;;
MX;;;;;;;;;;;;;;;;;
MX;;;;;;;;;;;;;;;;;
MX;;;;;;;;;;;;;;;;;
MX;;;;;;;;;;;;;;;;;
MX;;;;;;;;;;;;;;;;;
MX;;;;;;;;;;;;;;;;;
MX;;;;;;;;;;;;;;;;;
MX;;;;;;;;;;;;;;;;;
MX;;;;;;;;;;;;;;;;;
MX;;;;;;;;;;;;;;;;;
MX;;;;;;;;;;;;;;;;;
MX;;;;;;;;;;;;;;;;;
MX;;;;;;;;;;;;;;;;;
MX;;;;;;;;;;;;;;;;;
MX;;;;;;;;;;;;;;;;;
MX;;;;;;;;;;;;;;;;;
MX;;;;;;;;;;;;;;;;;
MX;;;;;;;;;;;;;;;;;
MX;;;;;;;;;;;;;;;;;
MX;;;;;;;;;;;;;;;;;
MX;;;;;;;;;;;;;;;;;
MX;;;;;;;;;;;;;;;;;
MX;;;;;;;;;;;;;;;;;
MX;;;;;;;;;;;;;;;;;
MX;;;;;;;;;;;;;;;;;
MX;;;;;;;;;;;;;;;;;
MX;;;;;;;;;;;;;;;;;
MX;;;;;;;;;;;;;;;;;
MX;;;;;;;;;;;;;;;;;
MX;;;;;;;;;;;;;;;;;
MX;;;;;;;;;;;;;;;;;
MX;;;;;;;;;;;;;;;;;
MX;;;;;;;;;;;;;;;;;
MX;;;;;;;;;;;;;;;;;
MX;;;;;;;;;;;;;;;;;
MX;;;;;;;;;;;;;;;;;
MX;;;;;;;;;;;;;;;;;
MX;;;;;;;;;;;;;;;;;
MX;;;;;;;;;;;;;;;;;
MX;;;;;;;;;;;;;;;;;
MX;;;;;;;;;;;;;;;;;
MX;;;;;;;;;;;;;;;;;
MX;;;;;;;;;;;;;;;;;
MX;;;;;;;;;;;;;;;;;
MX;;;;;;;;;;;;;;;;;
MX;;;;;;;;;;;;;;;;;
MX;;;;;;;;;;;;;;;;;
MX;;;;;;;;;;;;;;;;;
MX;;;;;;;;;;;;;;;;;
MX;;;;;;;;;;;;;;;;;
MX;;;;;;;;;;;;;;;;;
MX;;;;;;;;;;;;;;;;;
MX;;;;;;;;;;;;;;;;;
MX;;;;;;;;;;;;;;;;;
MX;;;;;;;;;;;;;;;;;
MX;;;;;;;;;;;;;;;;;
MX;;;;;;;;;;;;;;;;;
MX;;;;;;;;;;;;;;;;;
MX;;;;;;;;;;;;;;;;;
MX;;;;;;;;;;;;;;;;;
MX;;;;;;;;;;;;;;;;;
MX;;;;;;;;;;;;;;;;;
MX;;;;;;;;;;;;;;;;;
MX;;;;;;;;;;;;;;;;;
MX;;;;;;;;;;;;;;;;;
MX;;;;;;;;;;;;;;;;;
MX;;;;;;;;;;;;;;;;;
MX;;;;;;;;;;;;;;;;;
MX;;;;;;;;;;;;;;;;;
MX;;;;;;;;;;;;;;;;;
MX;;;;;;;;;;;;;;;;;
MX;;;;;;;;;;;;;;;;;
MX;;;;;;;;;;;;;;;;;
MX;;;;;;;;;;;;;;;;;
MX;;;;;;;;;;;;;;;;;
MX;;;;;;;;;;;;;;;;;
MX;;;;;;;;;;;;;;;;;
MX;;;;;;;;;;;;;;;;;
MX;;;;;;;;;;;;;;;;;
MX;;;;;;;;;;;;;;;;;
MX;;;;;;;;;;;;;;;;;
MX;;;;;;;;;;;;;;;;;
MX;;;;;;;;;;;;;;;;;
MX;;;;;;;;;;;;;;;;;
MX;;;;;;;;;;;;;;;;;
MX;;;;;;;;;;;;;;;;;
MX;;;;;;;;;;;;;;;;;
MX;;;;;;;;;;;;;;;;;
MX;;;;;;;;;;;;;;;;;
MX;;;;;;;;;;;;;;;;;
MX;;;;;;;;;;;;;;;;;
MX;;;;;;;;;;;;;;;;;
MX;;;;;;;;;;;;;;;;;
MX;;;;;;;;;;;;;;;;;
MX;;;;;;;;;;;;;;;;;
MX;;;;;;;;;;;;;;;;;
MX;;;;;;;;;;;;;;;;;
MX;;;;;;;;;;;;;;;;;
MX;;;;;;;;;;;;;;;;;
MX;;;;;;;;;;;;;;;;;
MX;;;;;;;;;;;;;;;;;
MX;;;;;;;;;;;;;;;;;
MX;;;;;;;;;;;;;;;;;
MX;;;;;;;;;;;;;;;;;
MX;;;;;;;;;;;;;;;;;
MX;;;;;;;;;;;;;;;;;
MX;;;;;;;;;;;;;;;;;
MX;;;;;;;;;;;;;;;;;
MX;;;;;;;;;;;;;;;;;
MX;;;;;;;;;;;;;;;;;
MX;;;;;;;;;;;;;;;;;
MX;;;;;;;;;;;;;;;;;
MX;;;;;;;;;;;;;;;;;
MX;;;;;;;;;;;;;;;;;
MX;;;;;;;;;;;;;;;;;
MX;;;;;;;;;;;;;;;;;
MX;;;;;;;;;;;;;;;;;
MX;;;;;;;;;;;;;;;;;
MX;;;;;;;;;;;;;;;;;
MX;;;;;;;;;;;;;;;;;
MX;;;;;;;;;;;;;;;;;
MX;;;;;;;;;;;;;;;;;
MX;;;;;;;;;;;;;;;;;
MX;;;;;;;;;;;;;;;;;
MX;;;;;;;;;;;;;;;;;
MX;;;;;;;;;;;;;;;;;
MX;;;;;;;;;;;;;;;;;
MX;;;;;;;;;;;;;;;;;
MX;;;;;;;;;;;;;;;;;
MX;;;;;;;;;;;;;;;;;
MX;;;;;;;;;;;;;;;;;
MX;;;;;;;;;;;;;;;;;
MX;;;;;;;;;;;;;;;;;
MX;;;;;;;;;;;;;;;;;
MX;;;;;;;;;;;;;;;;;
MX;;;;;;;;;;;;;;;;;
MX;;;;;;;;;;;;;;;;;
MX;;;;;;;;;;;;;;;;;
MX;;;;;;;;;;;;;;;;;
MX;;;;;;;;;;;;;;;;;
MX;;;;;;;;;;;;;;;;;
MX;;;;;;;;;;;;;;;;;
MX;;;;;;;;;;;;;;;;;
CO;;;;;;;;;;;;;;;;;
CO;;;;;;;;;;;;;;;;;
CO;;;;;;;;;;;;;;;;;
CO;;;;;;;;;;;;;;;;;
CO;;;;;;;;;;;;;;;;;
CO;;;;;;;;;;;;;;;;;
CO;;;;;;;;;;;;;;;;;
CO;;;;;;;;;;;;;;;;;
CO;;;;;;;;;;;;;;;;;
CO;;;;;;;;;;;;;;;;;
CO;;;;;;;;;;;;;;;;;
CO;;;;;;;;;;;;;;;;;
CO;;;;;;;;;;;;;;;;;
CO;;;;;;;;;;;;;;;;;
CO;;;;;;;;;;;;;;;;;
CO;;;;;;;;;;;;;;;;;
CO;;;;;;;;;;;;;;;;;
CO;;;;;;;;;;;;;;;;;
CO;;;;;;;;;;;;;;;;;
CO;;;;;;;;;;;;;;;;;
CO;;;;;;;;;;;;;;;;;
CO;;;;;;;;;;;;;;;;;
CO;;;;;;;;;;;;;;;;;
CO;;;;;;;;;;;;;;;;;
CO;;;;;;;;;;;;;;;;;
CO;;;;;;;;;;;;;;;;;
CO;;;;;;;;;;;;;;;;;
CO;;;;;;;;;;;;;;;;;
CO;;;;;;;;;;;;;;;;;
CO;;;;;;;;;;;;;;;;;
CO;;;;;;;;;;;;;;;;;
CO;;;;;;;;;;;;;;;;;
CO;;;;;;;;;;;;;;;;;
CO;;;;;;;;;;;;;;;;;
CO;;;;;;;;;;;;;;;;;
CO;;;;;;;;;;;;;;;;;
CO;;;;;;;;;;;;;;;;;
CO;;;;;;;;;;;;;;;;;
CO;;;;;;;;;;;;;;;;;
CO;;;;;;;;;;;;;;;;;
CO;;;;;;;;;;;;;;;;;
CO;;;;;;;;;;;;;;;;;
CO;;;;;;;;;;;;;;;;;
CO;;;;;;;;;;;;;;;;;
CO;;;;;;;;;;;;;;;;;
CO;;;;;;;;;;;;;;;;;
CO;;;;;;;;;;;;;;;;;
CO;;;;;;;;;;;;;;;;;
CO;;;;;;;;;;;;;;;;;
CO;;;;;;;;;;;;;;;;;
CO;;;;;;;;;;;;;;;;;
CO;;;;;;;;;;;;;;;;;
CO;;;;;;;;;;;;;;;;;
CO;;;;;;;;;;;;;;;;;
CO;;;;;;;;;;;;;;;;;
CO;;;;;;;;;;;;;;;;;
CO;;;;;;;;;;;;;;;;;
CO;;;;;;;;;;;;;;;;;
CO;;;;;;;;;;;;;;;;;
CO;;;;;;;;;;;;;;;;;
CO;;;;;;;;;;;;;;;;;
CO;;;;;;;;;;;;;;;;;
CO;;;;;;;;;;;;;;;;;
CO;;;;;;;;;;;;;;;;;
CO;;;;;;;;;;;;;;;;;
CO;;;;;;;;;;;;;;;;;
CO;;;;;;;;;;;;;;;;;
CO;;;;;;;;;;;;;;;;;
CO;;;;;;;;;;;;;;;;;
CO;;;;;;;;;;;;;;;;;
CO;;;;;;;;;;;;;;;;;
CO;;;;;;;;;;;;;;;;;
CO;;;;;;;;;;;;;;;;;
CO;;;;;;;;;;;;;;;;;
CO;;;;;;;;;;;;;;;;;
CO;;;;;;;;;;;;;;;;;
CO;;;;;;;;;;;;;;;;;
CO;;;;;;;;;;;;;;;;;
CO;;;;;;;;;;;;;;;;;
CO;;;;;;;;;;;;;;;;;
CO;;;;;;;;;;;;;;;;;
CO;;;;;;;;;;;;;;;;;
CO;;;;;;;;;;;;;;;;;
CO;;;;;;;;;;;;;;;;;
CO;;;;;;;;;;;;;;;;;
CO;;;;;;;;;;;;;;;;;
CO;;;;;;;;;;;;;;;;;
CO;;;;;;;;;;;;;;;;;
CO;;;;;;;;;;;;;;;;;
CO;;;;;;;;;;;;;;;;;
CO;;;;;;;;;;;;;;;;;
CO;;;;;;;;;;;;;;;;;
CO;;;;;;;;;;;;;;;;;
CO;;;;;;;;;;;;;;;;;
CO;;;;;;;;;;;;;;;;;
CO;;;;;;;;;;;;;;;;;
CO;;;;;;;;;;;;;;;;;
CO;;;;;;;;;;;;;;;;;
CO;;;;;;;;;;;;;;;;;
CO;;;;;;;;;;;;;;;;;
CO;;;;;;;;;;;;;;;;;
CO;;;;;;;;;;;;;;;;;
CO;;;;;;;;;;;;;;;;;
CO;;;;;;;;;;;;;;;;;
CO;;;;;;;;;;;;;;;;;
CO;;;;;;;;;;;;;;;;;
CO;;;;;;;;;;;;;;;;;
CO;;;;;;;;;;;;;;;;;
CO;;;;;;;;;;;;;;;;;
CO;;;;;;;;;;;;;;;;;
CO;;;;;;;;;;;;;;;;;
CO;;;;;;;;;;;;;;;;;
CO;;;;;;;;;;;;;;;;;
CO;;;;;;;;;;;;;;;;;
CO;;;;;;;;;;;;;;;;;
CO;;;;;;;;;;;;;;;;;
CO;;;;;;;;;;;;;;;;;
CO;;;;;;;;;;;;;;;;;
CO;;;;;;;;;;;;;;;;;
CO;;;;;;;;;;;;;;;;;
CO;;;;;;;;;;;;;;;;;
CO;;;;;;;;;;;;;;;;;
CO;;;;;;;;;;;;;;;;;
CO;;;;;;;;;;;;;;;;;
CO;;;;;;;;;;;;;;;;;
CO;;;;;;;;;;;;;;;;;
CO;;;;;;;;;;;;;;;;;
CO;;;;;;;;;;;;;;;;;
CO;;;;;;;;;;;;;;;;;
CO;;;;;;;;;;;;;;;;;
CO;;;;;;;;;;;;;;;;;
CO;;;;;;;;;;;;;;;;;
CO;;;;;;;;;;;;;;;;;
CO;;;;;;;;;;;;;;;;;
CO;;;;;;;;;;;;;;;;;
CO;;;;;;;;;;;;;;;;;
CO;;;;;;;;;;;;;;;;;
CO;;;;;;;;;;;;;;;;;
CO;;;;;;;;;;;;;;;;;
CO;;;;;;;;;;;;;;;;;
CO;;;;;;;;;;;;;;;;;
CO;;;;;;;;;;;;;;;;;
CO;;;;;;;;;;;;;;;;;
CO;;;;;;;;;;;;;;;;;
CO;;;;;;;;;;;;;;;;;
CO;;;;;;;;;;;;;;;;;
CO;;;;;;;;;;;;;;;;;
CO;;;;;;;;;;;;;;;;;
CO;;;;;;;;;;;;;;;;;
CO;;;;;;;;;;;;;;;;;
CO;;;;;;;;;;;;;;;;;
CO;;;;;;;;;;;;;;;;;
CO;;;;;;;;;;;;;;;;;
CO;;;;;;;;;;;;;;;;;
CO;;;;;;;;;;;;;;;;;
CO;;;;;;;;;;;;;;;;;
CO;;;;;;;;;;;;;;;;;
CO;;;;;;;;;;;;;;;;;
CO;;;;;;;;;;;;;;;;;
CO;;;;;;;;;;;;;;;;;
CO;;;;;;;;;;;;;;;;;
CO;;;;;;;;;;;;;;;;;
CO;;;;;;;;;;;;;;;;;
CO;;;;;;;;;;;;;;;;;
CO;;;;;;;;;;;;;;;;;
MX;;;;;;;;;;;;;;;;;
BR;;;;;;;;;;;;;;;;;
BR;;;;;;;;;;;;;;;;;
BR;;;;;;;;;;;;;;;;;
BR;;;;;;;;;;;;;;;;;
PA;;;;;;;;;;;;;;;;;
BR;;;;;;;;;;;;;;;;;
CR;;;;;;;;;;;;;;;;;
PA;;;;;;;;;;;;;;;;;
CR;;;;;;;;;;;;;;;;;
CR;;;;;;;;;;;;;;;;;
CO;;;;;;;;;;;;;;;;;
CO;;;;;;;;;;;;;;;;;
CO;;;;;;;;;;;;;;;;;
CO;;;;;;;;;;;;;;;;;
CO;;;;;;;;;;;;;;;;;
CO;;;;;;;;;;;;;;;;;
CO;;;;;;;;;;;;;;;;;
CO;;;;;;;;;;;;;;;;;
CO;;;;;;;;;;;;;;;;;
CO;;;;;;;;;;;;;;;;;
CO;;;;;;;;;;;;;;;;;
CO;;;;;;;;;;;;;;;;;
CO;;;;;;;;;;;;;;;;;
CO;;;;;;;;;;;;;;;;;
CO;;;;;;;;;;;;;;;;;
CO;;;;;;;;;;;;;;;;;
CO;;;;;;;;;;;;;;;;;
CO;;;;;;;;;;;;;;;;;
CO;;;;;;;;;;;;;;;;;
CO;;;;;;;;;;;;;;;;;
CO;;;;;;;;;;;;;;;;;
CO;;;;;;;;;;;;;;;;;
CO;;;;;;;;;;;;;;;;;
CO;;;;;;;;;;;;;;;;;
CO;;;;;;;;;;;;;;;;;
CO;;;;;;;;;;;;;;;;;
CO;;;;;;;;;;;;;;;;;
CO;;;;;;;;;;;;;;;;;
CO;;;;;;;;;;;;;;;;;
CO;;;;;;;;;;;;;;;;;
CO;;;;;;;;;;;;;;;;;
CO;;;;;;;;;;;;;;;;;
CO;;;;;;;;;;;;;;;;;
CO;;;;;;;;;;;;;;;;;
CO;;;;;;;;;;;;;;;;;
CO;;;;;;;;;;;;;;;;;
CO;;;;;;;;;;;;;;;;;
CO;;;;;;;;;;;;;;;;;
CO;;;;;;;;;;;;;;;;;
CO;;;;;;;;;;;;;;;;;
CO;;;;;;;;;;;;;;;;;
CO;;;;;;;;;;;;;;;;;
CO;;;;;;;;;;;;;;;;;
CO;;;;;;;;;;;;;;;;;
CO;;;;;;;;;;;;;;;;;
CO;;;;;;;;;;;;;;;;;
CO;;;;;;;;;;;;;;;;;
CO;;;;;;;;;;;;;;;;;
CO;;;;;;;;;;;;;;;;;
CO;;;;;;;;;;;;;;;;;
CO;;;;;;;;;;;;;;;;;
CO;;;;;;;;;;;;;;;;;
CO;;;;;;;;;;;;;;;;;
CO;;;;;;;;;;;;;;;;;
CO;;;;;;;;;;;;;;;;;
CO;;;;;;;;;;;;;;;;;
CO;;;;;;;;;;;;;;;;;
CO;;;;;;;;;;;;;;;;;
CO;;;;;;;;;;;;;;;;;
CO;;;;;;;;;;;;;;;;;
CO;;;;;;;;;;;;;;;;;
CO;;;;;;;;;;;;;;;;;
CO;;;;;;;;;;;;;;;;;
CO;;;;;;;;;;;;;;;;;
CO;;;;;;;;;;;;;;;;;
CO;;;;;;;;;;;;;;;;;
CO;;;;;;;;;;;;;;;;;
CO;;;;;;;;;;;;;;;;;
CO;;;;;;;;;;;;;;;;;
CO;;;;;;;;;;;;;;;;;
CO;;;;;;;;;;;;;;;;;
CO;;;;;;;;;;;;;;;;;
CO;;;;;;;;;;;;;;;;;
CO;;;;;;;;;;;;;;;;;
CO;;;;;;;;;;;;;;;;;
CO;;;;;;;;;;;;;;;;;
CO;;;;;;;;;;;;;;;;;
CO;;;;;;;;;;;;;;;;;
CO;;;;;;;;;;;;;;;;;
CO;;;;;;;;;;;;;;;;;
CO;;;;;;;;;;;;;;;;;
CO;;;;;;;;;;;;;;;;;
CO;;;;;;;;;;;;;;;;;
CO;;;;;;;;;;;;;;;;;
CO;;;;;;;;;;;;;;;;;
CO;;;;;;;;;;;;;;;;;
CO;;;;;;;;;;;;;;;;;
CO;;;;;;;;;;;;;;;;;
CO;;;;;;;;;;;;;;;;;
CO;;;;;;;;;;;;;;;;;
CO;;;;;;;;;;;;;;;;;
CO;;;;;;;;;;;;;;;;;
CO;;;;;;;;;;;;;;;;;
CO;;;;;;;;;;;;;;;;;
CO;;;;;;;;;;;;;;;;;
CO;;;;;;;;;;;;;;;;;
CO;;;;;;;;;;;;;;;;;
CO;;;;;;;;;;;;;;;;;
CO;;;;;;;;;;;;;;;;;
CO;;;;;;;;;;;;;;;;;
CO;;;;;;;;;;;;;;;;;
CO;;;;;;;;;;;;;;;;;
CO;;;;;;;;;;;;;;;;;
CO;;;;;;;;;;;;;;;;;
CO;;;;;;;;;;;;;;;;;
CO;;;;;;;;;;;;;;;;;
CO;;;;;;;;;;;;;;;;;
CO;;;;;;;;;;;;;;;;;
CO;;;;;;;;;;;;;;;;;
CO;;;;;;;;;;;;;;;;;
CO;;;;;;;;;;;;;;;;;
CO;;;;;;;;;;;;;;;;;
CO;;;;;;;;;;;;;;;;;
CO;;;;;;;;;;;;;;;;;
CO;;;;;;;;;;;;;;;;;
CO;;;;;;;;;;;;;;;;;
CO;;;;;;;;;;;;;;;;;
CO;;;;;;;;;;;;;;;;;
CO;;;;;;;;;;;;;;;;;
CO;;;;;;;;;;;;;;;;;
CO;;;;;;;;;;;;;;;;;
CO;;;;;;;;;;;;;;;;;
CO;;;;;;;;;;;;;;;;;
CO;;;;;;;;;;;;;;;;;
CO;;;;;;;;;;;;;;;;;
CO;;;;;;;;;;;;;;;;;
CO;;;;;;;;;;;;;;;;;
CO;;;;;;;;;;;;;;;;;
CO;;;;;;;;;;;;;;;;;
CO;;;;;;;;;;;;;;;;;
CO;;;;;;;;;;;;;;;;;
CO;;;;;;;;;;;;;;;;;
CO;;;;;;;;;;;;;;;;;
CO;;;;;;;;;;;;;;;;;
CO;;;;;;;;;;;;;;;;;
CO;;;;;;;;;;;;;;;;;
CO;;;;;;;;;;;;;;;;;
CO;;;;;;;;;;;;;;;;;
CO;;;;;;;;;;;;;;;;;
CO;;;;;;;;;;;;;;;;;
CO;;;;;;;;;;;;;;;;;
CO;;;;;;;;;;;;;;;;;
CO;;;;;;;;;;;;;;;;;
CO;;;;;;;;;;;;;;;;;
CO;;;;;;;;;;;;;;;;;
CO;;;;;;;;;;;;;;;;;
CO;;;;;;;;;;;;;;;;;
CO;;;;;;;;;;;;;;;;;
CO;;;;;;;;;;;;;;;;;
CO;;;;;;;;;;;;;;;;;
CO;;;;;;;;;;;;;;;;;
CO;;;;;;;;;;;;;;;;;
CO;;;;;;;;;;;;;;;;;
CO;;;;;;;;;;;;;;;;;
CO;;;;;;;;;;;;;;;;;
CO;;;;;;;;;;;;;;;;;
CO;;;;;;;;;;;;;;;;;
CO;;;;;;;;;;;;;;;;;
CO;;;;;;;;;;;;;;;;;
CO;;;;;;;;;;;;;;;;;
CO;;;;;;;;;;;;;;;;;
CO;;;;;;;;;;;;;;;;;
CO;;;;;;;;;;;;;;;;;
CO;;;;;;;;;;;;;;;;;
CO;;;;;;;;;;;;;;;;;
CO;;;;;;;;;;;;;;;;;
CO;;;;;;;;;;;;;;;;;
CO;;;;;;;;;;;;;;;;;
CO;;;;;;;;;;;;;;;;;
CO;;;;;;;;;;;;;;;;;
CO;;;;;;;;;;;;;;;;;
CO;;;;;;;;;;;;;;;;;
CO;;;;;;;;;;;;;;;;;
CO;;;;;;;;;;;;;;;;;
CO;;;;;;;;;;;;;;;;;
CO;;;;;;;;;;;;;;;;;
CO;;;;;;;;;;;;;;;;;
CO;;;;;;;;;;;;;;;;;
CO;;;;;;;;;;;;;;;;;
CO;;;;;;;;;;;;;;;;;
CO;;;;;;;;;;;;;;;;;
CO;;;;;;;;;;;;;;;;;
CO;;;;;;;;;;;;;;;;;
CO;;;;;;;;;;;;;;;;;
CO;;;;;;;;;;;;;;;;;
CO;;;;;;;;;;;;;;;;;
CO;;;;;;;;;;;;;;;;;
CO;;;;;;;;;;;;;;;;;
CO;;;;;;;;;;;;;;;;;
CO;;;;;;;;;;;;;;;;;
CO;;;;;;;;;;;;;;;;;
CO;;;;;;;;;;;;;;;;;
CO;;;;;;;;;;;;;;;;;
CO;;;;;;;;;;;;;;;;;
CO;;;;;;;;;;;;;;;;;
CO;;;;;;;;;;;;;;;;;
CO;;;;;;;;;;;;;;;;;
CO;;;;;;;;;;;;;;;;;
CO;;;;;;;;;;;;;;;;;
CO;;;;;;;;;;;;;;;;;
CO;;;;;;;;;;;;;;;;;
CO;;;;;;;;;;;;;;;;;
CO;;;;;;;;;;;;;;;;;
CO;;;;;;;;;;;;;;;;;
CO;;;;;;;;;;;;;;;;;
CO;;;;;;;;;;;;;;;;;
CO;;;;;;;;;;;;;;;;;
CO;;;;;;;;;;;;;;;;;
CO;;;;;;;;;;;;;;;;;
CO;;;;;;;;;;;;;;;;;
CO;;;;;;;;;;;;;;;;;
CO;;;;;;;;;;;;;;;;;
CO;;;;;;;;;;;;;;;;;
CO;;;;;;;;;;;;;;;;;
CO;;;;;;;;;;;;;;;;;
CO;;;;;;;;;;;;;;;;;
CO;;;;;;;;;;;;;;;;;
CO;;;;;;;;;;;;;;;;;
CO;;;;;;;;;;;;;;;;;
CO;;;;;;;;;;;;;;;;;
CO;;;;;;;;;;;;;;;;;
CO;;;;;;;;;;;;;;;;;
CO;;;;;;;;;;;;;;;;;
CO;;;;;;;;;;;;;;;;;
CO;;;;;;;;;;;;;;;;;
CO;;;;;;;;;;;;;;;;;
CO;;;;;;;;;;;;;;;;;
CO;;;;;;;;;;;;;;;;;
CO;;;;;;;;;;;;;;;;;
CO;;;;;;;;;;;;;;;;;
CO;;;;;;;;;;;;;;;;;
CO;;;;;;;;;;;;;;;;;
CO;;;;;;;;;;;;;;;;;
CO;;;;;;;;;;;;;;;;;
CO;;;;;;;;;;;;;;;;;
CO;;;;;;;;;;;;;;;;;
CO;;;;;;;;;;;;;;;;;
CO;;;;;;;;;;;;;;;;;
CO;;;;;;;;;;;;;;;;;
CO;;;;;;;;;;;;;;;;;
CO;;;;;;;;;;;;;;;;;
CO;;;;;;;;;;;;;;;;;
CO;;;;;;;;;;;;;;;;;
CO;;;;;;;;;;;;;;;;;
CO;;;;;;;;;;;;;;;;;
CO;;;;;;;;;;;;;;;;;
CO;;;;;;;;;;;;;;;;;
CO;;;;;;;;;;;;;;;;;
CO;;;;;;;;;;;;;;;;;
CO;;;;;;;;;;;;;;;;;
CO;;;;;;;;;;;;;;;;;
CO;;;;;;;;;;;;;;;;;
CO;;;;;;;;;;;;;;;;;
CO;;;;;;;;;;;;;;;;;
CO;;;;;;;;;;;;;;;;;
CO;;;;;;;;;;;;;;;;;
CO;;;;;;;;;;;;;;;;;
CO;;;;;;;;;;;;;;;;;
CO;;;;;;;;;;;;;;;;;
CO;;;;;;;;;;;;;;;;;
CO;;;;;;;;;;;;;;;;;
CO;;;;;;;;;;;;;;;;;
CO;;;;;;;;;;;;;;;;;
CO;;;;;;;;;;;;;;;;;
CO;;;;;;;;;;;;;;;;;
CO;;;;;;;;;;;;;;;;;
CO;;;;;;;;;;;;;;;;;
CO;;;;;;;;;;;;;;;;;
CO;;;;;;;;;;;;;;;;;
CO;;;;;;;;;;;;;;;;;
CO;;;;;;;;;;;;;;;;;
CO;;;;;;;;;;;;;;;;;
CO;;;;;;;;;;;;;;;;;
CO;;;;;;;;;;;;;;;;;
CO;;;;;;;;;;;;;;;;;
CO;;;;;;;;;;;;;;;;;
CO;;;;;;;;;;;;;;;;;
CO;;;;;;;;;;;;;;;;;
CO;;;;;;;;;;;;;;;;;
CO;;;;;;;;;;;;;;;;;
CO;;;;;;;;;;;;;;;;;
CO;;;;;;;;;;;;;;;;;
CO;;;;;;;;;;;;;;;;;
CO;;;;;;;;;;;;;;;;;
CO;;;;;;;;;;;;;;;;;
CO;;;;;;;;;;;;;;;;;
CO;;;;;;;;;;;;;;;;;
CO;;;;;;;;;;;;;;;;;
CO;;;;;;;;;;;;;;;;;
CO;;;;;;;;;;;;;;;;;
CO;;;;;;;;;;;;;;;;;
CO;;;;;;;;;;;;;;;;;
CO;;;;;;;;;;;;;;;;;
CO;;;;;;;;;;;;;;;;;
CO;;;;;;;;;;;;;;;;;
CO;;;;;;;;;;;;;;;;;
CO;;;;;;;;;;;;;;;;;
CO;;;;;;;;;;;;;;;;;
CO;;;;;;;;;;;;;;;;;
CO;;;;;;;;;;;;;;;;;
CO;;;;;;;;;;;;;;;;;
CO;;;;;;;;;;;;;;;;;
CO;;;;;;;;;;;;;;;;;
CO;;;;;;;;;;;;;;;;;
CO;;;;;;;;;;;;;;;;;
CO;;;;;;;;;;;;;;;;;
CO;;;;;;;;;;;;;;;;;
CO;;;;;;;;;;;;;;;;;
CO;;;;;;;;;;;;;;;;;
CO;;;;;;;;;;;;;;;;;
CO;;;;;;;;;;;;;;;;;
CO;;;;;;;;;;;;;;;;;
CO;;;;;;;;;;;;;;;;;
CO;;;;;;;;;;;;;;;;;
CO;;;;;;;;;;;;;;;;;
CO;;;;;;;;;;;;;;;;;
CO;;;;;;;;;;;;;;;;;
CO;;;;;;;;;;;;;;;;;
CO;;;;;;;;;;;;;;;;;
CO;;;;;;;;;;;;;;;;;
CO;;;;;;;;;;;;;;;;;
CO;;;;;;;;;;;;;;;;;
CO;;;;;;;;;;;;;;;;;
CO;;;;;;;;;;;;;;;;;
CO;;;;;;;;;;;;;;;;;
CO;;;;;;;;;;;;;;;;;
CO;;;;;;;;;;;;;;;;;
CO;;;;;;;;;;;;;;;;;
CR;;;;;;;;;;;;;;;;;
CO;;;;;;;;;;;;;;;;;
MX;;;;;;;;;;;;;;;;;
CR;;;;;;;;;;;;;;;;;
NI;;;;;;;;;;;;;;;;;
CR;;;;;;;;;;;;;;;;;
CR;;;;;;;;;;;;;;;;;
CR;;;;;;;;;;;;;;;;;
BR;;;;;;;;;;;;;;;;;
CO;;;;;;;;;;;;;;;;;
CO;;;;;;;;;;;;;;;;;
CO;;;;;;;;;;;;;;;;;
CO;;;;;;;;;;;;;;;;;
CO;;;;;;;;;;;;;;;;;
CO;;;;;;;;;;;;;;;;;
CO;;;;;;;;;;;;;;;;;
CO;;;;;;;;;;;;;;;;;
CO;;;;;;;;;;;;;;;;;
CO;;;;;;;;;;;;;;;;;
CO;;;;;;;;;;;;;;;;;
CO;;;;;;;;;;;;;;;;;
CO;;;;;;;;;;;;;;;;;
CO;;;;;;;;;;;;;;;;;
CO;;;;;;;;;;;;;;;;;
CO;;;;;;;;;;;;;;;;;
CO;;;;;;;;;;;;;;;;;
CO;;;;;;;;;;;;;;;;;
CO;;;;;;;;;;;;;;;;;
CO;;;;;;;;;;;;;;;;;
CO;;;;;;;;;;;;;;;;;
CO;;;;;;;;;;;;;;;;;
CO;;;;;;;;;;;;;;;;;
MX;;;;;;;;;;;;;;;;;
MX;;;;;;;;;;;;;;;;;
MX;;;;;;;;;;;;;;;;;
BR;;;;;;;;;;;;;;;;;
MX;;;;;;;;;;;;;;;;;
MX;;;;;;;;;;;;;;;;;
MX;;;;;;;;;;;;;;;;;
MX;;;;;;;;;;;;;;;;;
MX;;;;;;;;;;;;;;;;;
MX;;;;;;;;;;;;;;;;;
BR;;;;;;;;;;;;;;;;;
BR;;;;;;;;;;;;;;;;;
BR;;;;;;;;;;;;;;;;;
BR;;;;;;;;;;;;;;;;;
BR;;;;;;;;;;;;;;;;;
BR;;;;;;;;;;;;;;;;;
BR;;;;;;;;;;;;;;;;;
BR;;;;;;;;;;;;;;;;;
BR;;;;;;;;;;;;;;;;;
BR;;;;;;;;;;;;;;;;;
BR;;;;;;;;;;;;;;;;;
BR;;;;;;;;;;;;;;;;;
BR;;;;;;;;;;;;;;;;;
BR;;;;;;;;;;;;;;;;;
BR;;;;;;;;;;;;;;;;;
BR;;;;;;;;;;;;;;;;;
BR;;;;;;;;;;;;;;;;;
BR;;;;;;;;;;;;;;;;;
BR;;;;;;;;;;;;;;;;;
BR;;;;;;;;;;;;;;;;;
BR;;;;;;;;;;;;;;;;;
BR;;;;;;;;;;;;;;;;;
BR;;;;;;;;;;;;;;;;;
BR;;;;;;;;;;;;;;;;;
BR;;;;;;;;;;;;;;;;;
BR;;;;;;;;;;;;;;;;;
BR;;;;;;;;;;;;;;;;;
BR;;;;;;;;;;;;;;;;;
BR;;;;;;;;;;;;;;;;;
BR;;;;;;;;;;;;;;;;;
BR;;;;;;;;;;;;;;;;;
BR;;;;;;;;;;;;;;;;;
BR;;;;;;;;;;;;;;;;;
BR;;;;;;;;;;;;;;;;;
BR;;;;;;;;;;;;;;;;;
BR;;;;;;;;;;;;;;;;;
BR;;;;;;;;;;;;;;;;;
BR;;;;;;;;;;;;;;;;;
BR;;;;;;;;;;;;;;;;;
BR;;;;;;;;;;;;;;;;;
BR;;;;;;;;;;;;;;;;;
BR;;;;;;;;;;;;;;;;;
BR;;;;;;;;;;;;;;;;;
BR;;;;;;;;;;;;;;;;;
BR;;;;;;;;;;;;;;;;;
BR;;;;;;;;;;;;;;;;;
BR;;;;;;;;;;;;;;;;;
BR;;;;;;;;;;;;;;;;;
BR;;;;;;;;;;;;;;;;;
BR;;;;;;;;;;;;;;;;;
BR;;;;;;;;;;;;;;;;;
BR;;;;;;;;;;;;;;;;;
BR;;;;;;;;;;;;;;;;;
BR;;;;;;;;;;;;;;;;;
BR;;;;;;;;;;;;;;;;;
BR;;;;;;;;;;;;;;;;;
BR;;;;;;;;;;;;;;;;;
BR;;;;;;;;;;;;;;;;;
BR;;;;;;;;;;;;;;;;;
BR;;;;;;;;;;;;;;;;;
BR;;;;;;;;;;;;;;;;;
BR;;;;;;;;;;;;;;;;;
BR;;;;;;;;;;;;;;;;;
BR;;;;;;;;;;;;;;;;;
BR;;;;;;;;;;;;;;;;;
BR;;;;;;;;;;;;;;;;;
BR;;;;;;;;;;;;;;;;;
BR;;;;;;;;;;;;;;;;;
BR;;;;;;;;;;;;;;;;;
BR;;;;;;;;;;;;;;;;;
BR;;;;;;;;;;;;;;;;;
BR;;;;;;;;;;;;;;;;;
BR;;;;;;;;;;;;;;;;;
BR;;;;;;;;;;;;;;;;;
BR;;;;;;;;;;;;;;;;;
BR;;;;;;;;;;;;;;;;;
BR;;;;;;;;;;;;;;;;;
BR;;;;;;;;;;;;;;;;;
BR;;;;;;;;;;;;;;;;;
BR;;;;;;;;;;;;;;;;;
BR;;;;;;;;;;;;;;;;;
BR;;;;;;;;;;;;;;;;;
BR;;;;;;;;;;;;;;;;;
BR;;;;;;;;;;;;;;;;;
BR;;;;;;;;;;;;;;;;;
BR;;;;;;;;;;;;;;;;;
BR;;;;;;;;;;;;;;;;;
BR;;;;;;;;;;;;;;;;;
BR;;;;;;;;;;;;;;;;;
BR;;;;;;;;;;;;;;;;;
BR;;;;;;;;;;;;;;;;;
BR;;;;;;;;;;;;;;;;;
BR;;;;;;;;;;;;;;;;;
BR;;;;;;;;;;;;;;;;;
BR;;;;;;;;;;;;;;;;;
BR;;;;;;;;;;;;;;;;;
BR;;;;;;;;;;;;;;;;;
BR;;;;;;;;;;;;;;;;;
BR;;;;;;;;;;;;;;;;;
BR;;;;;;;;;;;;;;;;;
BR;;;;;;;;;;;;;;;;;
BR;;;;;;;;;;;;;;;;;
BR;;;;;;;;;;;;;;;;;
BR;;;;;;;;;;;;;;;;;
BR;;;;;;;;;;;;;;;;;
BR;;;;;;;;;;;;;;;;;
BR;;;;;;;;;;;;;;;;;
BR;;;;;;;;;;;;;;;;;
BR;;;;;;;;;;;;;;;;;
BR;;;;;;;;;;;;;;;;;
BR;;;;;;;;;;;;;;;;;
BR;;;;;;;;;;;;;;;;;
BR;;;;;;;;;;;;;;;;;
BR;;;;;;;;;;;;;;;;;
BR;;;;;;;;;;;;;;;;;
BR;;;;;;;;;;;;;;;;;
BR;;;;;;;;;;;;;;;;;
BR;;;;;;;;;;;;;;;;;
BR;;;;;;;;;;;;;;;;;
BR;;;;;;;;;;;;;;;;;
BR;;;;;;;;;;;;;;;;;
BR;;;;;;;;;;;;;;;;;
BR;;;;;;;;;;;;;;;;;
BR;;;;;;;;;;;;;;;;;
BR;;;;;;;;;;;;;;;;;
BR;;;;;;;;;;;;;;;;;
BR;;;;;;;;;;;;;;;;;
BR;;;;;;;;;;;;;;;;;
BR;;;;;;;;;;;;;;;;;
BR;;;;;;;;;;;;;;;;;
BR;;;;;;;;;;;;;;;;;
BR;;;;;;;;;;;;;;;;;
BR;;;;;;;;;;;;;;;;;
BR;;;;;;;;;;;;;;;;;
BR;;;;;;;;;;;;;;;;;
BR;;;;;;;;;;;;;;;;;
BR;;;;;;;;;;;;;;;;;
BR;;;;;;;;;;;;;;;;;
BR;;;;;;;;;;;;;;;;;
BR;;;;;;;;;;;;;;;;;
BR;;;;;;;;;;;;;;;;;
BR;;;;;;;;;;;;;;;;;
BR;;;;;;;;;;;;;;;;;
BR;;;;;;;;;;;;;;;;;
BR;;;;;;;;;;;;;;;;;
BR;;;;;;;;;;;;;;;;;
BR;;;;;;;;;;;;;;;;;
BR;;;;;;;;;;;;;;;;;
BR;;;;;;;;;;;;;;;;;
BR;;;;;;;;;;;;;;;;;
BR;;;;;;;;;;;;;;;;;
BR;;;;;;;;;;;;;;;;;
BR;;;;;;;;;;;;;;;;;
BR;;;;;;;;;;;;;;;;;
BR;;;;;;;;;;;;;;;;;
BR;;;;;;;;;;;;;;;;;
BR;;;;;;;;;;;;;;;;;
BR;;;;;;;;;;;;;;;;;
BR;;;;;;;;;;;;;;;;;
BR;;;;;;;;;;;;;;;;;
BR;;;;;;;;;;;;;;;;;
BR;;;;;;;;;;;;;;;;;
BR;;;;;;;;;;;;;;;;;
BR;;;;;;;;;;;;;;;;;
BR;;;;;;;;;;;;;;;;;
BR;;;;;;;;;;;;;;;;;
BR;;;;;;;;;;;;;;;;;
BR;;;;;;;;;;;;;;;;;
BR;;;;;;;;;;;;;;;;;
BR;;;;;;;;;;;;;;;;;
BR;;;;;;;;;;;;;;;;;
BR;;;;;;;;;;;;;;;;;
BR;;;;;;;;;;;;;;;;;
BR;;;;;;;;;;;;;;;;;
BR;;;;;;;;;;;;;;;;;
BR;;;;;;;;;;;;;;;;;
BR;;;;;;;;;;;;;;;;;
BR;;;;;;;;;;;;;;;;;
BR;;;;;;;;;;;;;;;;;
BR;;;;;;;;;;;;;;;;;
BR;;;;;;;;;;;;;;;;;
BR;;;;;;;;;;;;;;;;;
BR;;;;;;;;;;;;;;;;;
BR;;;;;;;;;;;;;;;;;
BR;;;;;;;;;;;;;;;;;
BR;;;;;;;;;;;;;;;;;
BR;;;;;;;;;;;;;;;;;
BR;;;;;;;;;;;;;;;;;
BR;;;;;;;;;;;;;;;;;
BR;;;;;;;;;;;;;;;;;
BR;;;;;;;;;;;;;;;;;
BR;;;;;;;;;;;;;;;;;
BR;;;;;;;;;;;;;;;;;
BR;;;;;;;;;;;;;;;;;
BR;;;;;;;;;;;;;;;;;
BR;;;;;;;;;;;;;;;;;
BR;;;;;;;;;;;;;;;;;
BR;;;;;;;;;;;;;;;;;
BR;;;;;;;;;;;;;;;;;
BR;;;;;;;;;;;;;;;;;
BR;;;;;;;;;;;;;;;;;
BR;;;;;;;;;;;;;;;;;
BR;;;;;;;;;;;;;;;;;
BR;;;;;;;;;;;;;;;;;
BR;;;;;;;;;;;;;;;;;
BR;;;;;;;;;;;;;;;;;
BR;;;;;;;;;;;;;;;;;
BR;;;;;;;;;;;;;;;;;
BR;;;;;;;;;;;;;;;;;
BR;;;;;;;;;;;;;;;;;
BR;;;;;;;;;;;;;;;;;
BR;;;;;;;;;;;;;;;;;
BR;;;;;;;;;;;;;;;;;
BR;;;;;;;;;;;;;;;;;
BR;;;;;;;;;;;;;;;;;
BR;;;;;;;;;;;;;;;;;
BR;;;;;;;;;;;;;;;;;
BR;;;;;;;;;;;;;;;;;
BR;;;;;;;;;;;;;;;;;
BR;;;;;;;;;;;;;;;;;
BR;;;;;;;;;;;;;;;;;
BR;;;;;;;;;;;;;;;;;
BR;;;;;;;;;;;;;;;;;
BR;;;;;;;;;;;;;;;;;
BR;;;;;;;;;;;;;;;;;
BR;;;;;;;;;;;;;;;;;
BR;;;;;;;;;;;;;;;;;
BR;;;;;;;;;;;;;;;;;
BR;;;;;;;;;;;;;;;;;
BR;;;;;;;;;;;;;;;;;
BR;;;;;;;;;;;;;;;;;
BR;;;;;;;;;;;;;;;;;
BR;;;;;;;;;;;;;;;;;
BR;;;;;;;;;;;;;;;;;
BR;;;;;;;;;;;;;;;;;
BR;;;;;;;;;;;;;;;;;
BR;;;;;;;;;;;;;;;;;
BR;;;;;;;;;;;;;;;;;
BR;;;;;;;;;;;;;;;;;
BR;;;;;;;;;;;;;;;;;
BR;;;;;;;;;;;;;;;;;
BR;;;;;;;;;;;;;;;;;
BR;;;;;;;;;;;;;;;;;
BR;;;;;;;;;;;;;;;;;
BR;;;;;;;;;;;;;;;;;
BR;;;;;;;;;;;;;;;;;
BR;;;;;;;;;;;;;;;;;
BR;;;;;;;;;;;;;;;;;
BR;;;;;;;;;;;;;;;;;
BR;;;;;;;;;;;;;;;;;
BR;;;;;;;;;;;;;;;;;
BR;;;;;;;;;;;;;;;;;
BR;;;;;;;;;;;;;;;;;
BR;;;;;;;;;;;;;;;;;
BR;;;;;;;;;;;;;;;;;
BR;;;;;;;;;;;;;;;;;
BR;;;;;;;;;;;;;;;;;
BR;;;;;;;;;;;;;;;;;
BR;;;;;;;;;;;;;;;;;
BR;;;;;;;;;;;;;;;;;
BR;;;;;;;;;;;;;;;;;
BR;;;;;;;;;;;;;;;;;
BR;;;;;;;;;;;;;;;;;
BR;;;;;;;;;;;;;;;;;
BR;;;;;;;;;;;;;;;;;
BR;;;;;;;;;;;;;;;;;
MX;;;;;;;;;;;;;;;;;
MX;;;;;;;;;;;;;;;;;
MX;;;;;;;;;;;;;;;;;
MX;;;;;;;;;;;;;;;;;
MX;;;;;;;;;;;;;;;;;
CR;;;;;;;;;;;;;;;;;
CR;;;;;;;;;;;;;;;;;
CR;;;;;;;;;;;;;;;;;
CR;;;;;;;;;;;;;;;;;
CR;;;;;;;;;;;;;;;;;
CR;;;;;;;;;;;;;;;;;
CR;;;;;;;;;;;;;;;;;
CR;;;;;;;;;;;;;;;;;
CR;;;;;;;;;;;;;;;;;
CR;;;;;;;;;;;;;;;;;
CR;;;;;;;;;;;;;;;;;
CR;;;;;;;;;;;;;;;;;
CR;;;;;;;;;;;;;;;;;
CR;;;;;;;;;;;;;;;;;
CR;;;;;;;;;;;;;;;;;
CR;;;;;;;;;;;;;;;;;
CR;;;;;;;;;;;;;;;;;
CR;;;;;;;;;;;;;;;;;
CR;;;;;;;;;;;;;;;;;
CR;;;;;;;;;;;;;;;;;
CR;;;;;;;;;;;;;;;;;
CR;;;;;;;;;;;;;;;;;
CO;;;;;;;;;;;;;;;;;
CO;;;;;;;;;;;;;;;;;
CO;;;;;;;;;;;;;;;;;
CO;;;;;;;;;;;;;;;;;
CO;;;;;;;;;;;;;;;;;
CO;;;;;;;;;;;;;;;;;
CO;;;;;;;;;;;;;;;;;
CO;;;;;;;;;;;;;;;;;
CO;;;;;;;;;;;;;;;;;
CO;;;;;;;;;;;;;;;;;
CO;;;;;;;;;;;;;;;;;
CO;;;;;;;;;;;;;;;;;
CO;;;;;;;;;;;;;;;;;
CO;;;;;;;;;;;;;;;;;
CO;;;;;;;;;;;;;;;;;
CO;;;;;;;;;;;;;;;;;
CO;;;;;;;;;;;;;;;;;
CO;;;;;;;;;;;;;;;;;
CO;;;;;;;;;;;;;;;;;
CO;;;;;;;;;;;;;;;;;
CO;;;;;;;;;;;;;;;;;
CO;;;;;;;;;;;;;;;;;
CO;;;;;;;;;;;;;;;;;
CO;;;;;;;;;;;;;;;;;
CO;;;;;;;;;;;;;;;;;
CO;;;;;;;;;;;;;;;;;
CO;;;;;;;;;;;;;;;;;
CO;;;;;;;;;;;;;;;;;
CO;;;;;;;;;;;;;;;;;
CO;;;;;;;;;;;;;;;;;
CO;;;;;;;;;;;;;;;;;
CO;;;;;;;;;;;;;;;;;
CO;;;;;;;;;;;;;;;;;
CO;;;;;;;;;;;;;;;;;
CO;;;;;;;;;;;;;;;;;
CO;;;;;;;;;;;;;;;;;
CO;;;;;;;;;;;;;;;;;
CO;;;;;;;;;;;;;;;;;
CO;;;;;;;;;;;;;;;;;
CO;;;;;;;;;;;;;;;;;
CO;;;;;;;;;;;;;;;;;
CO;;;;;;;;;;;;;;;;;
CO;;;;;;;;;;;;;;;;;
CO;;;;;;;;;;;;;;;;;
CO;;;;;;;;;;;;;;;;;
CO;;;;;;;;;;;;;;;;;
CO;;;;;;;;;;;;;;;;;
CO;;;;;;;;;;;;;;;;;
CO;;;;;;;;;;;;;;;;;
CO;;;;;;;;;;;;;;;;;
CO;;;;;;;;;;;;;;;;;
CO;;;;;;;;;;;;;;;;;
CO;;;;;;;;;;;;;;;;;
CO;;;;;;;;;;;;;;;;;
CO;;;;;;;;;;;;;;;;;
CO;;;;;;;;;;;;;;;;;
CO;;;;;;;;;;;;;;;;;
CO;;;;;;;;;;;;;;;;;
CO;;;;;;;;;;;;;;;;;
CO;;;;;;;;;;;;;;;;;
CO;;;;;;;;;;;;;;;;;
CO;;;;;;;;;;;;;;;;;
CO;;;;;;;;;;;;;;;;;
CO;;;;;;;;;;;;;;;;;
CO;;;;;;;;;;;;;;;;;
CO;;;;;;;;;;;;;;;;;
CO;;;;;;;;;;;;;;;;;
CO;;;;;;;;;;;;;;;;;
CO;;;;;;;;;;;;;;;;;
CO;;;;;;;;;;;;;;;;;
CO;;;;;;;;;;;;;;;;;
CO;;;;;;;;;;;;;;;;;
CO;;;;;;;;;;;;;;;;;
CO;;;;;;;;;;;;;;;;;
CO;;;;;;;;;;;;;;;;;
CO;;;;;;;;;;;;;;;;;
CO;;;;;;;;;;;;;;;;;
CO;;;;;;;;;;;;;;;;;
CO;;;;;;;;;;;;;;;;;
CO;;;;;;;;;;;;;;;;;
PA;;;;;;;;;;;;;;;;;
BR;;;;;;;;;;;;;;;;;
CR;;;;;;;;;;;;;;;;;
MX;;;;;;;;;;;;;;;;;
MX;;;;;;;;;;;;;;;;;
MX;;;;;;;;;;;;;;;;;
MX;;;;;;;;;;;;;;;;;
MX;;;;;;;;;;;;;;;;;
MX;;;;;;;;;;;;;;;;;
MX;;;;;;;;;;;;;;;;;
MX;;;;;;;;;;;;;;;;;
MX;;;;;;;;;;;;;;;;;
MX;;;;;;;;;;;;;;;;;
CR;;;;;;;;;;;;;;;;;
CR;;;;;;;;;;;;;;;;;
CR;;;;;;;;;;;;;;;;;
CR;;;;;;;;;;;;;;;;;
CR;;;;;;;;;;;;;;;;;
CR;;;;;;;;;;;;;;;;;
CR;;;;;;;;;;;;;;;;;
CR;;;;;;;;;;;;;;;;;
CR;;;;;;;;;;;;;;;;;
CR;;;;;;;;;;;;;;;;;
CR;;;;;;;;;;;;;;;;;
CR;;;;;;;;;;;;;;;;;
CR;;;;;;;;;;;;;;;;;
CR;;;;;;;;;;;;;;;;;
CR;;;;;;;;;;;;;;;;;
CR;;;;;;;;;;;;;;;;;
CR;;;;;;;;;;;;;;;;;
CR;;;;;;;;;;;;;;;;;
CR;;;;;;;;;;;;;;;;;
CR;;;;;;;;;;;;;;;;;
CR;;;;;;;;;;;;;;;;;
CR;;;;;;;;;;;;;;;;;
CR;;;;;;;;;;;;;;;;;
CR;;;;;;;;;;;;;;;;;
CR;;;;;;;;;;;;;;;;;
CR;;;;;;;;;;;;;;;;;
CR;;;;;;;;;;;;;;;;;
CR;;;;;;;;;;;;;;;;;
CR;;;;;;;;;;;;;;;;;
CR;;;;;;;;;;;;;;;;;
CR;;;;;;;;;;;;;;;;;
CR;;;;;;;;;;;;;;;;;
CR;;;;;;;;;;;;;;;;;
CR;;;;;;;;;;;;;;;;;
CR;;;;;;;;;;;;;;;;;
CR;;;;;;;;;;;;;;;;;
CR;;;;;;;;;;;;;;;;;
CR;;;;;;;;;;;;;;;;;
CR;;;;;;;;;;;;;;;;;
CR;;;;;;;;;;;;;;;;;
CR;;;;;;;;;;;;;;;;;
CR;;;;;;;;;;;;;;;;;
CR;;;;;;;;;;;;;;;;;
CR;;;;;;;;;;;;;;;;;
CR;;;;;;;;;;;;;;;;;
CR;;;;;;;;;;;;;;;;;
CR;;;;;;;;;;;;;;;;;
CR;;;;;;;;;;;;;;;;;
CR;;;;;;;;;;;;;;;;;
CR;;;;;;;;;;;;;;;;;
CR;;;;;;;;;;;;;;;;;
CR;;;;;;;;;;;;;;;;;
CR;;;;;;;;;;;;;;;;;
CR;;;;;;;;;;;;;;;;;
CR;;;;;;;;;;;;;;;;;
CR;;;;;;;;;;;;;;;;;
CR;;;;;;;;;;;;;;;;;
CR;;;;;;;;;;;;;;;;;
CR;;;;;;;;;;;;;;;;;
CR;;;;;;;;;;;;;;;;;
CR;;;;;;;;;;;;;;;;;
CR;;;;;;;;;;;;;;;;;
CR;;;;;;;;;;;;;;;;;
CR;;;;;;;;;;;;;;;;;
CR;;;;;;;;;;;;;;;;;
CR;;;;;;;;;;;;;;;;;
CR;;;;;;;;;;;;;;;;;
CR;;;;;;;;;;;;;;;;;
CR;;;;;;;;;;;;;;;;;
CR;;;;;;;;;;;;;;;;;
CR;;;;;;;;;;;;;;;;;
CR;;;;;;;;;;;;;;;;;
CR;;;;;;;;;;;;;;;;;
CR;;;;;;;;;;;;;;;;;
CR;;;;;;;;;;;;;;;;;
CR;;;;;;;;;;;;;;;;;
CR;;;;;;;;;;;;;;;;;
CR;;;;;;;;;;;;;;;;;
CR;;;;;;;;;;;;;;;;;
CR;;;;;;;;;;;;;;;;;
CR;;;;;;;;;;;;;;;;;
CR;;;;;;;;;;;;;;;;;
CR;;;;;;;;;;;;;;;;;
CR;;;;;;;;;;;;;;;;;
CR;;;;;;;;;;;;;;;;;
CR;;;;;;;;;;;;;;;;;
CR;;;;;;;;;;;;;;;;;
CR;;;;;;;;;;;;;;;;;
CR;;;;;;;;;;;;;;;;;
CR;;;;;;;;;;;;;;;;;
CR;;;;;;;;;;;;;;;;;
CR;;;;;;;;;;;;;;;;;
CR;;;;;;;;;;;;;;;;;
CR;;;;;;;;;;;;;;;;;
CR;;;;;;;;;;;;;;;;;
CR;;;;;;;;;;;;;;;;;
CR;;;;;;;;;;;;;;;;;
CR;;;;;;;;;;;;;;;;;
CR;;;;;;;;;;;;;;;;;
CR;;;;;;;;;;;;;;;;;
CR;;;;;;;;;;;;;;;;;
CR;;;;;;;;;;;;;;;;;
CR;;;;;;;;;;;;;;;;;
CR;;;;;;;;;;;;;;;;;
CR;;;;;;;;;;;;;;;;;
CR;;;;;;;;;;;;;;;;;
CR;;;;;;;;;;;;;;;;;
CR;;;;;;;;;;;;;;;;;
CR;;;;;;;;;;;;;;;;;
CR;;;;;;;;;;;;;;;;;
CR;;;;;;;;;;;;;;;;;
CR;;;;;;;;;;;;;;;;;
CR;;;;;;;;;;;;;;;;;
CR;;;;;;;;;;;;;;;;;
CR;;;;;;;;;;;;;;;;;
CR;;;;;;;;;;;;;;;;;
CR;;;;;;;;;;;;;;;;;
CR;;;;;;;;;;;;;;;;;
CR;;;;;;;;;;;;;;;;;
CR;;;;;;;;;;;;;;;;;
CR;;;;;;;;;;;;;;;;;
CR;;;;;;;;;;;;;;;;;
CR;;;;;;;;;;;;;;;;;
CR;;;;;;;;;;;;;;;;;
CR;;;;;;;;;;;;;;;;;
CR;;;;;;;;;;;;;;;;;
CR;;;;;;;;;;;;;;;;;
CR;;;;;;;;;;;;;;;;;
CR;;;;;;;;;;;;;;;;;
CR;;;;;;;;;;;;;;;;;
CR;;;;;;;;;;;;;;;;;
CR;;;;;;;;;;;;;;;;;
CR;;;;;;;;;;;;;;;;;
CR;;;;;;;;;;;;;;;;;
CR;;;;;;;;;;;;;;;;;
CR;;;;;;;;;;;;;;;;;
CR;;;;;;;;;;;;;;;;;
CR;;;;;;;;;;;;;;;;;
CR;;;;;;;;;;;;;;;;;
CR;;;;;;;;;;;;;;;;;
CR;;;;;;;;;;;;;;;;;
CR;;;;;;;;;;;;;;;;;
CR;;;;;;;;;;;;;;;;;
CR;;;;;;;;;;;;;;;;;
CR;;;;;;;;;;;;;;;;;
CR;;;;;;;;;;;;;;;;;
CR;;;;;;;;;;;;;;;;;
CR;;;;;;;;;;;;;;;;;
CR;;;;;;;;;;;;;;;;;
CR;;;;;;;;;;;;;;;;;
CR;;;;;;;;;;;;;;;;;
CR;;;;;;;;;;;;;;;;;
CR;;;;;;;;;;;;;;;;;
CR;;;;;;;;;;;;;;;;;
CR;;;;;;;;;;;;;;;;;
CR;;;;;;;;;;;;;;;;;
CR;;;;;;;;;;;;;;;;;
CR;;;;;;;;;;;;;;;;;
CR;;;;;;;;;;;;;;;;;
CR;;;;;;;;;;;;;;;;;
CR;;;;;;;;;;;;;;;;;
CR;;;;;;;;;;;;;;;;;
CR;;;;;;;;;;;;;;;;;
CR;;;;;;;;;;;;;;;;;
CR;;;;;;;;;;;;;;;;;
CR;;;;;;;;;;;;;;;;;
CR;;;;;;;;;;;;;;;;;
CR;;;;;;;;;;;;;;;;;
CR;;;;;;;;;;;;;;;;;
CR;;;;;;;;;;;;;;;;;
CR;;;;;;;;;;;;;;;;;
CR;;;;;;;;;;;;;;;;;
CR;;;;;;;;;;;;;;;;;
CR;;;;;;;;;;;;;;;;;
CR;;;;;;;;;;;;;;;;;
CR;;;;;;;;;;;;;;;;;
CR;;;;;;;;;;;;;;;;;
CR;;;;;;;;;;;;;;;;;
CR;;;;;;;;;;;;;;;;;
CR;;;;;;;;;;;;;;;;;
CR;;;;;;;;;;;;;;;;;
CR;;;;;;;;;;;;;;;;;
CR;;;;;;;;;;;;;;;;;
CR;;;;;;;;;;;;;;;;;
CR;;;;;;;;;;;;;;;;;
CR;;;;;;;;;;;;;;;;;
CR;;;;;;;;;;;;;;;;;
CR;;;;;;;;;;;;;;;;;
CR;;;;;;;;;;;;;;;;;
CR;;;;;;;;;;;;;;;;;
CR;;;;;;;;;;;;;;;;;
CR;;;;;;;;;;;;;;;;;
CR;;;;;;;;;;;;;;;;;
CR;;;;;;;;;;;;;;;;;
CR;;;;;;;;;;;;;;;;;
CR;;;;;;;;;;;;;;;;;
CR;;;;;;;;;;;;;;;;;
CR;;;;;;;;;;;;;;;;;
CR;;;;;;;;;;;;;;;;;
CR;;;;;;;;;;;;;;;;;
CR;;;;;;;;;;;;;;;;;
CR;;;;;;;;;;;;;;;;;
CR;;;;;;;;;;;;;;;;;
CR;;;;;;;;;;;;;;;;;
CR;;;;;;;;;;;;;;;;;
CR;;;;;;;;;;;;;;;;;
CR;;;;;;;;;;;;;;;;;
CR;;;;;;;;;;;;;;;;;
CR;;;;;;;;;;;;;;;;;
CR;;;;;;;;;;;;;;;;;
CR;;;;;;;;;;;;;;;;;
CR;;;;;;;;;;;;;;;;;
CR;;;;;;;;;;;;;;;;;
CR;;;;;;;;;;;;;;;;;
CR;;;;;;;;;;;;;;;;;
CR;;;;;;;;;;;;;;;;;
CR;;;;;;;;;;;;;;;;;
CR;;;;;;;;;;;;;;;;;
CR;;;;;;;;;;;;;;;;;
CR;;;;;;;;;;;;;;;;;
CR;;;;;;;;;;;;;;;;;
CR;;;;;;;;;;;;;;;;;
CR;;;;;;;;;;;;;;;;;
CR;;;;;;;;;;;;;;;;;
CR;;;;;;;;;;;;;;;;;
CR;;;;;;;;;;;;;;;;;
CR;;;;;;;;;;;;;;;;;
CR;;;;;;;;;;;;;;;;;
CR;;;;;;;;;;;;;;;;;
CR;;;;;;;;;;;;;;;;;
CR;;;;;;;;;;;;;;;;;
CR;;;;;;;;;;;;;;;;;
CR;;;;;;;;;;;;;;;;;
CR;;;;;;;;;;;;;;;;;
CR;;;;;;;;;;;;;;;;;
CR;;;;;;;;;;;;;;;;;
CR;;;;;;;;;;;;;;;;;
CR;;;;;;;;;;;;;;;;;
CR;;;;;;;;;;;;;;;;;
CR;;;;;;;;;;;;;;;;;
CR;;;;;;;;;;;;;;;;;
CR;;;;;;;;;;;;;;;;;
CR;;;;;;;;;;;;;;;;;
CR;;;;;;;;;;;;;;;;;
CR;;;;;;;;;;;;;;;;;
CR;;;;;;;;;;;;;;;;;
CR;;;;;;;;;;;;;;;;;
CR;;;;;;;;;;;;;;;;;
CR;;;;;;;;;;;;;;;;;
CR;;;;;;;;;;;;;;;;;
CR;;;;;;;;;;;;;;;;;
CR;;;;;;;;;;;;;;;;;
CR;;;;;;;;;;;;;;;;;
CR;;;;;;;;;;;;;;;;;
CR;;;;;;;;;;;;;;;;;
CR;;;;;;;;;;;;;;;;;
CR;;;;;;;;;;;;;;;;;
CR;;;;;;;;;;;;;;;;;
CR;;;;;;;;;;;;;;;;;
CR;;;;;;;;;;;;;;;;;
CR;;;;;;;;;;;;;;;;;
CR;;;;;;;;;;;;;;;;;
CR;;;;;;;;;;;;;;;;;
CR;;;;;;;;;;;;;;;;;
CR;;;;;;;;;;;;;;;;;
CR;;;;;;;;;;;;;;;;;
CR;;;;;;;;;;;;;;;;;
CR;;;;;;;;;;;;;;;;;
CR;;;;;;;;;;;;;;;;;
CR;;;;;;;;;;;;;;;;;
CR;;;;;;;;;;;;;;;;;
CR;;;;;;;;;;;;;;;;;
CR;;;;;;;;;;;;;;;;;
CR;;;;;;;;;;;;;;;;;
CR;;;;;;;;;;;;;;;;;
CR;;;;;;;;;;;;;;;;;
CR;;;;;;;;;;;;;;;;;
CR;;;;;;;;;;;;;;;;;
CR;;;;;;;;;;;;;;;;;
CR;;;;;;;;;;;;;;;;;
CR;;;;;;;;;;;;;;;;;
CR;;;;;;;;;;;;;;;;;
CR;;;;;;;;;;;;;;;;;
CR;;;;;;;;;;;;;;;;;
CR;;;;;;;;;;;;;;;;;
CR;;;;;;;;;;;;;;;;;
CR;;;;;;;;;;;;;;;;;
CR;;;;;;;;;;;;;;;;;
CR;;;;;;;;;;;;;;;;;
CR;;;;;;;;;;;;;;;;;
CR;;;;;;;;;;;;;;;;;
CR;;;;;;;;;;;;;;;;;
CR;;;;;;;;;;;;;;;;;
CR;;;;;;;;;;;;;;;;;
CR;;;;;;;;;;;;;;;;;
CR;;;;;;;;;;;;;;;;;
CR;;;;;;;;;;;;;;;;;
CR;;;;;;;;;;;;;;;;;
CR;;;;;;;;;;;;;;;;;
CR;;;;;;;;;;;;;;;;;
CR;;;;;;;;;;;;;;;;;
CR;;;;;;;;;;;;;;;;;
CR;;;;;;;;;;;;;;;;;
CR;;;;;;;;;;;;;;;;;
CR;;;;;;;;;;;;;;;;;
CR;;;;;;;;;;;;;;;;;
CR;;;;;;;;;;;;;;;;;
CR;;;;;;;;;;;;;;;;;
CR;;;;;;;;;;;;;;;;;
CR;;;;;;;;;;;;;;;;;
CR;;;;;;;;;;;;;;;;;
CR;;;;;;;;;;;;;;;;;
CR;;;;;;;;;;;;;;;;;
CR;;;;;;;;;;;;;;;;;
CR;;;;;;;;;;;;;;;;;
CR;;;;;;;;;;;;;;;;;
CR;;;;;;;;;;;;;;;;;
CR;;;;;;;;;;;;;;;;;
CR;;;;;;;;;;;;;;;;;
CR;;;;;;;;;;;;;;;;;
CR;;;;;;;;;;;;;;;;;
CR;;;;;;;;;;;;;;;;;
CR;;;;;;;;;;;;;;;;;
CR;;;;;;;;;;;;;;;;;
CR;;;;;;;;;;;;;;;;;
CR;;;;;;;;;;;;;;;;;
CR;;;;;;;;;;;;;;;;;
CR;;;;;;;;;;;;;;;;;
CR;;;;;;;;;;;;;;;;;
CR;;;;;;;;;;;;;;;;;
CR;;;;;;;;;;;;;;;;;
CR;;;;;;;;;;;;;;;;;
CR;;;;;;;;;;;;;;;;;
CR;;;;;;;;;;;;;;;;;
CR;;;;;;;;;;;;;;;;;
CR;;;;;;;;;;;;;;;;;
CR;;;;;;;;;;;;;;;;;
CR;;;;;;;;;;;;;;;;;
CR;;;;;;;;;;;;;;;;;
CR;;;;;;;;;;;;;;;;;
CR;;;;;;;;;;;;;;;;;
CR;;;;;;;;;;;;;;;;;
CR;;;;;;;;;;;;;;;;;
CR;;;;;;;;;;;;;;;;;
CR;;;;;;;;;;;;;;;;;
CR;;;;;;;;;;;;;;;;;
CR;;;;;;;;;;;;;;;;;
CR;;;;;;;;;;;;;;;;;
CR;;;;;;;;;;;;;;;;;
CR;;;;;;;;;;;;;;;;;
CR;;;;;;;;;;;;;;;;;
CR;;;;;;;;;;;;;;;;;
CR;;;;;;;;;;;;;;;;;
CR;;;;;;;;;;;;;;;;;
CR;;;;;;;;;;;;;;;;;
CR;;;;;;;;;;;;;;;;;
CR;;;;;;;;;;;;;;;;;
CR;;;;;;;;;;;;;;;;;
CR;;;;;;;;;;;;;;;;;
CR;;;;;;;;;;;;;;;;;
CR;;;;;;;;;;;;;;;;;
CR;;;;;;;;;;;;;;;;;
CR;;;;;;;;;;;;;;;;;
CR;;;;;;;;;;;;;;;;;
CR;;;;;;;;;;;;;;;;;
CR;;;;;;;;;;;;;;;;;
CR;;;;;;;;;;;;;;;;;
CR;;;;;;;;;;;;;;;;;
CR;;;;;;;;;;;;;;;;;
CR;;;;;;;;;;;;;;;;;
CR;;;;;;;;;;;;;;;;;
CR;;;;;;;;;;;;;;;;;
CR;;;;;;;;;;;;;;;;;
CR;;;;;;;;;;;;;;;;;
CR;;;;;;;;;;;;;;;;;
CR;;;;;;;;;;;;;;;;;
CR;;;;;;;;;;;;;;;;;
CR;;;;;;;;;;;;;;;;;
CR;;;;;;;;;;;;;;;;;
CR;;;;;;;;;;;;;;;;;
CR;;;;;;;;;;;;;;;;;
CR;;;;;;;;;;;;;;;;;
CR;;;;;;;;;;;;;;;;;
CR;;;;;;;;;;;;;;;;;
CR;;;;;;;;;;;;;;;;;
CR;;;;;;;;;;;;;;;;;
CR;;;;;;;;;;;;;;;;;
CR;;;;;;;;;;;;;;;;;
CR;;;;;;;;;;;;;;;;;
CR;;;;;;;;;;;;;;;;;
CR;;;;;;;;;;;;;;;;;
CR;;;;;;;;;;;;;;;;;
CR;;;;;;;;;;;;;;;;;
CR;;;;;;;;;;;;;;;;;
CR;;;;;;;;;;;;;;;;;
CR;;;;;;;;;;;;;;;;;
CR;;;;;;;;;;;;;;;;;
CR;;;;;;;;;;;;;;;;;
CR;;;;;;;;;;;;;;;;;
CR;;;;;;;;;;;;;;;;;
CR;;;;;;;;;;;;;;;;;
CR;;;;;;;;;;;;;;;;;
CR;;;;;;;;;;;;;;;;;
CR;;;;;;;;;;;;;;;;;
CR;;;;;;;;;;;;;;;;;
CR;;;;;;;;;;;;;;;;;
CR;;;;;;;;;;;;;;;;;
CR;;;;;;;;;;;;;;;;;
CR;;;;;;;;;;;;;;;;;
CR;;;;;;;;;;;;;;;;;
CR;;;;;;;;;;;;;;;;;
CR;;;;;;;;;;;;;;;;;
CR;;;;;;;;;;;;;;;;;
CR;;;;;;;;;;;;;;;;;
CR;;;;;;;;;;;;;;;;;
CR;;;;;;;;;;;;;;;;;
CR;;;;;;;;;;;;;;;;;
CR;;;;;;;;;;;;;;;;;
CR;;;;;;;;;;;;;;;;;
CR;;;;;;;;;;;;;;;;;
CR;;;;;;;;;;;;;;;;;
CR;;;;;;;;;;;;;;;;;
CR;;;;;;;;;;;;;;;;;
CR;;;;;;;;;;;;;;;;;
CR;;;;;;;;;;;;;;;;;
CR;;;;;;;;;;;;;;;;;
CR;;;;;;;;;;;;;;;;;
CR;;;;;;;;;;;;;;;;;
CR;;;;;;;;;;;;;;;;;
CR;;;;;;;;;;;;;;;;;
CR;;;;;;;;;;;;;;;;;
CR;;;;;;;;;;;;;;;;;
CR;;;;;;;;;;;;;;;;;
CR;;;;;;;;;;;;;;;;;
CR;;;;;;;;;;;;;;;;;
CR;;;;;;;;;;;;;;;;;
CR;;;;;;;;;;;;;;;;;
CR;;;;;;;;;;;;;;;;;
CR;;;;;;;;;;;;;;;;;
CR;;;;;;;;;;;;;;;;;
CR;;;;;;;;;;;;;;;;;
CR;;;;;;;;;;;;;;;;;
CR;;;;;;;;;;;;;;;;;
CR;;;;;;;;;;;;;;;;;
CR;;;;;;;;;;;;;;;;;
CR;;;;;;;;;;;;;;;;;
CR;;;;;;;;;;;;;;;;;
CR;;;;;;;;;;;;;;;;;
CR;;;;;;;;;;;;;;;;;
CR;;;;;;;;;;;;;;;;;
CR;;;;;;;;;;;;;;;;;
CR;;;;;;;;;;;;;;;;;
CR;;;;;;;;;;;;;;;;;
CR;;;;;;;;;;;;;;;;;
CR;;;;;;;;;;;;;;;;;
CR;;;;;;;;;;;;;;;;;
CR;;;;;;;;;;;;;;;;;
CR;;;;;;;;;;;;;;;;;
CR;;;;;;;;;;;;;;;;;
CR;;;;;;;;;;;;;;;;;
CR;;;;;;;;;;;;;;;;;
CR;;;;;;;;;;;;;;;;;
CR;;;;;;;;;;;;;;;;;
CR;;;;;;;;;;;;;;;;;
CR;;;;;;;;;;;;;;;;;
CR;;;;;;;;;;;;;;;;;
CR;;;;;;;;;;;;;;;;;
CR;;;;;;;;;;;;;;;;;
CR;;;;;;;;;;;;;;;;;
CR;;;;;;;;;;;;;;;;;
CR;;;;;;;;;;;;;;;;;
CR;;;;;;;;;;;;;;;;;
CR;;;;;;;;;;;;;;;;;
CR;;;;;;;;;;;;;;;;;
CR;;;;;;;;;;;;;;;;;
CR;;;;;;;;;;;;;;;;;
CR;;;;;;;;;;;;;;;;;
CR;;;;;;;;;;;;;;;;;
CR;;;;;;;;;;;;;;;;;
CR;;;;;;;;;;;;;;;;;
CR;;;;;;;;;;;;;;;;;
CR;;;;;;;;;;;;;;;;;
CR;;;;;;;;;;;;;;;;;
CR;;;;;;;;;;;;;;;;;
CR;;;;;;;;;;;;;;;;;
CR;;;;;;;;;;;;;;;;;
CR;;;;;;;;;;;;;;;;;
CR;;;;;;;;;;;;;;;;;
CR;;;;;;;;;;;;;;;;;
CR;;;;;;;;;;;;;;;;;
CR;;;;;;;;;;;;;;;;;
CR;;;;;;;;;;;;;;;;;
CR;;;;;;;;;;;;;;;;;
CR;;;;;;;;;;;;;;;;;
CR;;;;;;;;;;;;;;;;;
CR;;;;;;;;;;;;;;;;;
CR;;;;;;;;;;;;;;;;;
CR;;;;;;;;;;;;;;;;;
CR;;;;;;;;;;;;;;;;;
CR;;;;;;;;;;;;;;;;;
CR;;;;;;;;;;;;;;;;;
CR;;;;;;;;;;;;;;;;;
CR;;;;;;;;;;;;;;;;;
CR;;;;;;;;;;;;;;;;;
CR;;;;;;;;;;;;;;;;;
CR;;;;;;;;;;;;;;;;;
CR;;;;;;;;;;;;;;;;;
CR;;;;;;;;;;;;;;;;;
CR;;;;;;;;;;;;;;;;;
CR;;;;;;;;;;;;;;;;;
CR;;;;;;;;;;;;;;;;;
CR;;;;;;;;;;;;;;;;;
CR;;;;;;;;;;;;;;;;;
CR;;;;;;;;;;;;;;;;;
CR;;;;;;;;;;;;;;;;;
CR;;;;;;;;;;;;;;;;;
CR;;;;;;;;;;;;;;;;;
CR;;;;;;;;;;;;;;;;;
CR;;;;;;;;;;;;;;;;;
CR;;;;;;;;;;;;;;;;;
CR;;;;;;;;;;;;;;;;;
CR;;;;;;;;;;;;;;;;;
CR;;;;;;;;;;;;;;;;;
CR;;;;;;;;;;;;;;;;;
CR;;;;;;;;;;;;;;;;;
CR;;;;;;;;;;;;;;;;;
CR;;;;;;;;;;;;;;;;;
CR;;;;;;;;;;;;;;;;;
CR;;;;;;;;;;;;;;;;;
CR;;;;;;;;;;;;;;;;;
CR;;;;;;;;;;;;;;;;;
CR;;;;;;;;;;;;;;;;;
CR;;;;;;;;;;;;;;;;;
CR;;;;;;;;;;;;;;;;;
CR;;;;;;;;;;;;;;;;;
CR;;;;;;;;;;;;;;;;;
CR;;;;;;;;;;;;;;;;;
CR;;;;;;;;;;;;;;;;;
CR;;;;;;;;;;;;;;;;;
CR;;;;;;;;;;;;;;;;;
CR;;;;;;;;;;;;;;;;;
CR;;;;;;;;;;;;;;;;;
CR;;;;;;;;;;;;;;;;;
CR;;;;;;;;;;;;;;;;;
CR;;;;;;;;;;;;;;;;;
CR;;;;;;;;;;;;;;;;;
CR;;;;;;;;;;;;;;;;;
CR;;;;;;;;;;;;;;;;;
CR;;;;;;;;;;;;;;;;;
CR;;;;;;;;;;;;;;;;;
CR;;;;;;;;;;;;;;;;;
CR;;;;;;;;;;;;;;;;;
CR;;;;;;;;;;;;;;;;;
CR;;;;;;;;;;;;;;;;;
CR;;;;;;;;;;;;;;;;;
CR;;;;;;;;;;;;;;;;;
CR;;;;;;;;;;;;;;;;;
CR;;;;;;;;;;;;;;;;;
CR;;;;;;;;;;;;;;;;;
CR;;;;;;;;;;;;;;;;;
CR;;;;;;;;;;;;;;;;;
CR;;;;;;;;;;;;;;;;;
CR;;;;;;;;;;;;;;;;;
CR;;;;;;;;;;;;;;;;;
CR;;;;;;;;;;;;;;;;;
CR;;;;;;;;;;;;;;;;;
CR;;;;;;;;;;;;;;;;;
CR;;;;;;;;;;;;;;;;;
CR;;;;;;;;;;;;;;;;;
CR;;;;;;;;;;;;;;;;;
CR;;;;;;;;;;;;;;;;;
CR;;;;;;;;;;;;;;;;;
CR;;;;;;;;;;;;;;;;;
CR;;;;;;;;;;;;;;;;;
CR;;;;;;;;;;;;;;;;;
CR;;;;;;;;;;;;;;;;;
CR;;;;;;;;;;;;;;;;;
CR;;;;;;;;;;;;;;;;;
CR;;;;;;;;;;;;;;;;;
CR;;;;;;;;;;;;;;;;;
CR;;;;;;;;;;;;;;;;;
CR;;;;;;;;;;;;;;;;;
CR;;;;;;;;;;;;;;;;;
CR;;;;;;;;;;;;;;;;;
CR;;;;;;;;;;;;;;;;;
CR;;;;;;;;;;;;;;;;;
CR;;;;;;;;;;;;;;;;;
CR;;;;;;;;;;;;;;;;;
CR;;;;;;;;;;;;;;;;;
CR;;;;;;;;;;;;;;;;;
CR;;;;;;;;;;;;;;;;;
CR;;;;;;;;;;;;;;;;;
CR;;;;;;;;;;;;;;;;;
CR;;;;;;;;;;;;;;;;;
CR;;;;;;;;;;;;;;;;;
CR;;;;;;;;;;;;;;;;;
CR;;;;;;;;;;;;;;;;;
CR;;;;;;;;;;;;;;;;;
CR;;;;;;;;;;;;;;;;;
CR;;;;;;;;;;;;;;;;;
CR;;;;;;;;;;;;;;;;;
CR;;;;;;;;;;;;;;;;;
CR;;;;;;;;;;;;;;;;;
CR;;;;;;;;;;;;;;;;;
CR;;;;;;;;;;;;;;;;;
CR;;;;;;;;;;;;;;;;;
CR;;;;;;;;;;;;;;;;;
CR;;;;;;;;;;;;;;;;;
CR;;;;;;;;;;;;;;;;;
CR;;;;;;;;;;;;;;;;;
CR;;;;;;;;;;;;;;;;;
CR;;;;;;;;;;;;;;;;;
CR;;;;;;;;;;;;;;;;;
CR;;;;;;;;;;;;;;;;;
CR;;;;;;;;;;;;;;;;;
CR;;;;;;;;;;;;;;;;;
CR;;;;;;;;;;;;;;;;;
CR;;;;;;;;;;;;;;;;;
CR;;;;;;;;;;;;;;;;;
CR;;;;;;;;;;;;;;;;;
CR;;;;;;;;;;;;;;;;;
CR;;;;;;;;;;;;;;;;;
CR;;;;;;;;;;;;;;;;;
CR;;;;;;;;;;;;;;;;;
CR;;;;;;;;;;;;;;;;;
CR;;;;;;;;;;;;;;;;;
CR;;;;;;;;;;;;;;;;;
CR;;;;;;;;;;;;;;;;;
CR;;;;;;;;;;;;;;;;;
CR;;;;;;;;;;;;;;;;;
CR;;;;;;;;;;;;;;;;;
CR;;;;;;;;;;;;;;;;;
CR;;;;;;;;;;;;;;;;;
CR;;;;;;;;;;;;;;;;;
CR;;;;;;;;;;;;;;;;;
CR;;;;;;;;;;;;;;;;;
CR;;;;;;;;;;;;;;;;;
CR;;;;;;;;;;;;;;;;;
CR;;;;;;;;;;;;;;;;;
CR;;;;;;;;;;;;;;;;;
CR;;;;;;;;;;;;;;;;;
CR;;;;;;;;;;;;;;;;;
CR;;;;;;;;;;;;;;;;;
CR;;;;;;;;;;;;;;;;;
CR;;;;;;;;;;;;;;;;;
CR;;;;;;;;;;;;;;;;;
CR;;;;;;;;;;;;;;;;;
CR;;;;;;;;;;;;;;;;;
CR;;;;;;;;;;;;;;;;;
CR;;;;;;;;;;;;;;;;;
CR;;;;;;;;;;;;;;;;;
CR;;;;;;;;;;;;;;;;;
CR;;;;;;;;;;;;;;;;;
CR;;;;;;;;;;;;;;;;;
CR;;;;;;;;;;;;;;;;;
CR;;;;;;;;;;;;;;;;;
CR;;;;;;;;;;;;;;;;;
CR;;;;;;;;;;;;;;;;;
CR;;;;;;;;;;;;;;;;;
CR;;;;;;;;;;;;;;;;;
CR;;;;;;;;;;;;;;;;;
CR;;;;;;;;;;;;;;;;;
CR;;;;;;;;;;;;;;;;;
CR;;;;;;;;;;;;;;;;;
CR;;;;;;;;;;;;;;;;;
CR;;;;;;;;;;;;;;;;;
CR;;;;;;;;;;;;;;;;;
CR;;;;;;;;;;;;;;;;;
CR;;;;;;;;;;;;;;;;;
CR;;;;;;;;;;;;;;;;;
CR;;;;;;;;;;;;;;;;;
CR;;;;;;;;;;;;;;;;;
CR;;;;;;;;;;;;;;;;;
CR;;;;;;;;;;;;;;;;;
CR;;;;;;;;;;;;;;;;;
CR;;;;;;;;;;;;;;;;;
CR;;;;;;;;;;;;;;;;;
CR;;;;;;;;;;;;;;;;;
CR;;;;;;;;;;;;;;;;;
CR;;;;;;;;;;;;;;;;;
CR;;;;;;;;;;;;;;;;;
CR;;;;;;;;;;;;;;;;;
CR;;;;;;;;;;;;;;;;;
CR;;;;;;;;;;;;;;;;;
CR;;;;;;;;;;;;;;;;;
CR;;;;;;;;;;;;;;;;;
CR;;;;;;;;;;;;;;;;;
CR;;;;;;;;;;;;;;;;;
CR;;;;;;;;;;;;;;;;;
CR;;;;;;;;;;;;;;;;;
CR;;;;;;;;;;;;;;;;;
CR;;;;;;;;;;;;;;;;;
CR;;;;;;;;;;;;;;;;;
CR;;;;;;;;;;;;;;;;;
CR;;;;;;;;;;;;;;;;;
CR;;;;;;;;;;;;;;;;;
CR;;;;;;;;;;;;;;;;;
CR;;;;;;;;;;;;;;;;;
CR;;;;;;;;;;;;;;;;;
CR;;;;;;;;;;;;;;;;;
CR;;;;;;;;;;;;;;;;;
CR;;;;;;;;;;;;;;;;;
CR;;;;;;;;;;;;;;;;;
CR;;;;;;;;;;;;;;;;;
CR;;;;;;;;;;;;;;;;;
CR;;;;;;;;;;;;;;;;;
CR;;;;;;;;;;;;;;;;;
CR;;;;;;;;;;;;;;;;;
CR;;;;;;;;;;;;;;;;;
CR;;;;;;;;;;;;;;;;;
CR;;;;;;;;;;;;;;;;;
CR;;;;;;;;;;;;;;;;;
CR;;;;;;;;;;;;;;;;;
CR;;;;;;;;;;;;;;;;;
CR;;;;;;;;;;;;;;;;;
CR;;;;;;;;;;;;;;;;;
CR;;;;;;;;;;;;;;;;;
CR;;;;;;;;;;;;;;;;;
CR;;;;;;;;;;;;;;;;;
CR;;;;;;;;;;;;;;;;;
CR;;;;;;;;;;;;;;;;;
CR;;;;;;;;;;;;;;;;;
CR;;;;;;;;;;;;;;;;;
CR;;;;;;;;;;;;;;;;;
CR;;;;;;;;;;;;;;;;;
CR;;;;;;;;;;;;;;;;;
CR;;;;;;;;;;;;;;;;;
CR;;;;;;;;;;;;;;;;;
CR;;;;;;;;;;;;;;;;;
CR;;;;;;;;;;;;;;;;;
CR;;;;;;;;;;;;;;;;;
CR;;;;;;;;;;;;;;;;;
CR;;;;;;;;;;;;;;;;;
CR;;;;;;;;;;;;;;;;;
CR;;;;;;;;;;;;;;;;;
CR;;;;;;;;;;;;;;;;;
CR;;;;;;;;;;;;;;;;;
CR;;;;;;;;;;;;;;;;;
CR;;;;;;;;;;;;;;;;;
CR;;;;;;;;;;;;;;;;;
CR;;;;;;;;;;;;;;;;;
CR;;;;;;;;;;;;;;;;;
CR;;;;;;;;;;;;;;;;;
CR;;;;;;;;;;;;;;;;;
CR;;;;;;;;;;;;;;;;;
CR;;;;;;;;;;;;;;;;;
CR;;;;;;;;;;;;;;;;;
CR;;;;;;;;;;;;;;;;;
CR;;;;;;;;;;;;;;;;;
CR;;;;;;;;;;;;;;;;;
CR;;;;;;;;;;;;;;;;;
CR;;;;;;;;;;;;;;;;;
CR;;;;;;;;;;;;;;;;;
CR;;;;;;;;;;;;;;;;;
CR;;;;;;;;;;;;;;;;;
CR;;;;;;;;;;;;;;;;;
CR;;;;;;;;;;;;;;;;;
CR;;;;;;;;;;;;;;;;;
CR;;;;;;;;;;;;;;;;;
CR;;;;;;;;;;;;;;;;;
CR;;;;;;;;;;;;;;;;;
CR;;;;;;;;;;;;;;;;;
CR;;;;;;;;;;;;;;;;;
CR;;;;;;;;;;;;;;;;;
CR;;;;;;;;;;;;;;;;;
CR;;;;;;;;;;;;;;;;;
CR;;;;;;;;;;;;;;;;;
CR;;;;;;;;;;;;;;;;;
CR;;;;;;;;;;;;;;;;;
CR;;;;;;;;;;;;;;;;;
CR;;;;;;;;;;;;;;;;;
CR;;;;;;;;;;;;;;;;;
CR;;;;;;;;;;;;;;;;;
CR;;;;;;;;;;;;;;;;;
CR;;;;;;;;;;;;;;;;;
CR;;;;;;;;;;;;;;;;;
CR;;;;;;;;;;;;;;;;;
CR;;;;;;;;;;;;;;;;;
CR;;;;;;;;;;;;;;;;;
CR;;;;;;;;;;;;;;;;;
CR;;;;;;;;;;;;;;;;;
CR;;;;;;;;;;;;;;;;;
CR;;;;;;;;;;;;;;;;;
CR;;;;;;;;;;;;;;;;;
CR;;;;;;;;;;;;;;;;;
CR;;;;;;;;;;;;;;;;;
CR;;;;;;;;;;;;;;;;;
CR;;;;;;;;;;;;;;;;;
CR;;;;;;;;;;;;;;;;;
CR;;;;;;;;;;;;;;;;;
CR;;;;;;;;;;;;;;;;;
CR;;;;;;;;;;;;;;;;;
CR;;;;;;;;;;;;;;;;;
CR;;;;;;;;;;;;;;;;;
CR;;;;;;;;;;;;;;;;;
CR;;;;;;;;;;;;;;;;;
CR;;;;;;;;;;;;;;;;;
CR;;;;;;;;;;;;;;;;;
CR;;;;;;;;;;;;;;;;;
CR;;;;;;;;;;;;;;;;;
CR;;;;;;;;;;;;;;;;;
CR;;;;;;;;;;;;;;;;;
CR;;;;;;;;;;;;;;;;;
CR;;;;;;;;;;;;;;;;;
CR;;;;;;;;;;;;;;;;;
CR;;;;;;;;;;;;;;;;;
CR;;;;;;;;;;;;;;;;;
CR;;;;;;;;;;;;;;;;;
CR;;;;;;;;;;;;;;;;;
CR;;;;;;;;;;;;;;;;;
CR;;;;;;;;;;;;;;;;;
CR;;;;;;;;;;;;;;;;;
CR;;;;;;;;;;;;;;;;;
CR;;;;;;;;;;;;;;;;;
CR;;;;;;;;;;;;;;;;;
CR;;;;;;;;;;;;;;;;;
CR;;;;;;;;;;;;;;;;;
CR;;;;;;;;;;;;;;;;;
CR;;;;;;;;;;;;;;;;;
CR;;;;;;;;;;;;;;;;;
CR;;;;;;;;;;;;;;;;;
CR;;;;;;;;;;;;;;;;;
CR;;;;;;;;;;;;;;;;;
CR;;;;;;;;;;;;;;;;;
CR;;;;;;;;;;;;;;;;;
CR;;;;;;;;;;;;;;;;;
CR;;;;;;;;;;;;;;;;;
CR;;;;;;;;;;;;;;;;;
CR;;;;;;;;;;;;;;;;;
CR;;;;;;;;;;;;;;;;;
CR;;;;;;;;;;;;;;;;;
CR;;;;;;;;;;;;;;;;;
CR;;;;;;;;;;;;;;;;;
CR;;;;;;;;;;;;;;;;;
CR;;;;;;;;;;;;;;;;;
CR;;;;;;;;;;;;;;;;;
CR;;;;;;;;;;;;;;;;;
CR;;;;;;;;;;;;;;;;;
CR;;;;;;;;;;;;;;;;;
CR;;;;;;;;;;;;;;;;;
CR;;;;;;;;;;;;;;;;;
CR;;;;;;;;;;;;;;;;;
CR;;;;;;;;;;;;;;;;;
CR;;;;;;;;;;;;;;;;;
CR;;;;;;;;;;;;;;;;;
CR;;;;;;;;;;;;;;;;;
CR;;;;;;;;;;;;;;;;;
CR;;;;;;;;;;;;;;;;;
CR;;;;;;;;;;;;;;;;;
CR;;;;;;;;;;;;;;;;;
CR;;;;;;;;;;;;;;;;;
CR;;;;;;;;;;;;;;;;;
CR;;;;;;;;;;;;;;;;;
CR;;;;;;;;;;;;;;;;;
CR;;;;;;;;;;;;;;;;;
CR;;;;;;;;;;;;;;;;;
CR;;;;;;;;;;;;;;;;;
PA;;;;;;;;;;;;;;;;;
PA;;;;;;;;;;;;;;;;;
CR;;;;;;;;;;;;;;;;;
CR;;;;;;;;;;;;;;;;;
CR;;;;;;;;;;;;;;;;;
CR;;;;;;;;;;;;;;;;;
CR;;;;;;;;;;;;;;;;;
CO;;;;;;;;;;;;;;;;;
NI;;;;;;;;;;;;;;;;;
NI;;;;;;;;;;;;;;;;;
MX;;;;;;;;;;;;;;;;;
MX;;;;;;;;;;;;;;;;;
MX;;;;;;;;;;;;;;;;;
MX;;;;;;;;;;;;;;;;;
MX;;;;;;;;;;;;;;;;;
MX;;;;;;;;;;;;;;;;;
MX;;;;;;;;;;;;;;;;;
MX;;;;;;;;;;;;;;;;;
MX;;;;;;;;;;;;;;;;;
MX;;;;;;;;;;;;;;;;;
MX;;;;;;;;;;;;;;;;;
MX;;;;;;;;;;;;;;;;;
MX;;;;;;;;;;;;;;;;;
MX;;;;;;;;;;;;;;;;;
MX;;;;;;;;;;;;;;;;;
MX;;;;;;;;;;;;;;;;;
MX;;;;;;;;;;;;;;;;;
CR;;;;;;;;;;;;;;;;;
MX;;;;;;;;;;;;;;;;;
MX;;;;;;;;;;;;;;;;;
MX;;;;;;;;;;;;;;;;;
MX;;;;;;;;;;;;;;;;;
MX;;;;;;;;;;;;;;;;;
PA;;;;;;;;;;;;;;;;;
CR;;;;;;;;;;;;;;;;;
CO;;;;;;;;;;;;;;;;;
CO;;;;;;;;;;;;;;;;;
CO;;;;;;;;;;;;;;;;;
CO;;;;;;;;;;;;;;;;;
CO;;;;;;;;;;;;;;;;;
CO;;;;;;;;;;;;;;;;;
CO;;;;;;;;;;;;;;;;;
CO;;;;;;;;;;;;;;;;;
CO;;;;;;;;;;;;;;;;;
CO;;;;;;;;;;;;;;;;;
CO;;;;;;;;;;;;;;;;;
CO;;;;;;;;;;;;;;;;;
CO;;;;;;;;;;;;;;;;;
CO;;;;;;;;;;;;;;;;;
CO;;;;;;;;;;;;;;;;;
CO;;;;;;;;;;;;;;;;;
CO;;;;;;;;;;;;;;;;;
CR;;;;;;;;;;;;;;;;;
CO;;;;;;;;;;;;;;;;;
MX;;;;;;;;;;;;;;;;;
CO;;;;;;;;;;;;;;;;;
PA;;;;;;;;;;;;;;;;;
MX;;;;;;;;;;;;;;;;;
MX;;;;;;;;;;;;;;;;;
PA;;;;;;;;;;;;;;;;;
PA;;;;;;;;;;;;;;;;;
CO;;;;;;;;;;;;;;;;;
PA;;;;;;;;;;;;;;;;;
CO;;;;;;;;;;;;;;;;;
MX;;;;;;;;;;;;;;;;;
PA;;;;;;;;;;;;;;;;;
PA;;;;;;;;;;;;;;;;;
MX;;;;;;;;;;;;;;;;;
CO;;;;;;;;;;;;;;;;;
CO;;;;;;;;;;;;;;;;;
MX;;;;;;;;;;;;;;;;;
CO;;;;;;;;;;;;;;;;;
BR;;;;;;;;;;;;;;;;;
NI;;;;;;;;;;;;;;;;;
NI;;;;;;;;;;;;;;;;;
PA;;;;;;;;;;;;;;;;;
PA;;;;;;;;;;;;;;;;;
NI;;;;;;;;;;;;;;;;;
NI;;;;;;;;;;;;;;;;;
NI;;;;;;;;;;;;;;;;;
NI;;;;;;;;;;;;;;;;;
NI;;;;;;;;;;;;;;;;;
NI;;;;;;;;;;;;;;;;;
BR;;;;;;;;;;;;;;;;;
BR;;;;;;;;;;;;;;;;;
BR;;;;;;;;;;;;;;;;;
BR;;;;;;;;;;;;;;;;;
BR;;;;;;;;;;;;;;;;;
BR;;;;;;;;;;;;;;;;;
BR;;;;;;;;;;;;;;;;;
BR;;;;;;;;;;;;;;;;;
BR;;;;;;;;;;;;;;;;;
BR;;;;;;;;;;;;;;;;;
BR;;;;;;;;;;;;;;;;;
BR;;;;;;;;;;;;;;;;;
BR;;;;;;;;;;;;;;;;;
BR;;;;;;;;;;;;;;;;;
BR;;;;;;;;;;;;;;;;;
BR;;;;;;;;;;;;;;;;;
BR;;;;;;;;;;;;;;;;;
BR;;;;;;;;;;;;;;;;;
BR;;;;;;;;;;;;;;;;;
BR;;;;;;;;;;;;;;;;;
BR;;;;;;;;;;;;;;;;;
BR;;;;;;;;;;;;;;;;;
BR;;;;;;;;;;;;;;;;;
BR;;;;;;;;;;;;;;;;;
BR;;;;;;;;;;;;;;;;;
BR;;;;;;;;;;;;;;;;;
BR;;;;;;;;;;;;;;;;;
BR;;;;;;;;;;;;;;;;;
BR;;;;;;;;;;;;;;;;;
BR;;;;;;;;;;;;;;;;;
BR;;;;;;;;;;;;;;;;;
MX;;;;;;;;;;;;;;;;;
MX;;;;;;;;;;;;;;;;;
PA;;;;;;;;;;;;;;;;;
PA;;;;;;;;;;;;;;;;;
PA;;;;;;;;;;;;;;;;;
PA;;;;;;;;;;;;;;;;;
PA;;;;;;;;;;;;;;;;;
CO;;;;;;;;;;;;;;;;;
MX;;;;;;;;;;;;;;;;;
MX;;;;;;;;;;;;;;;;;
PA;;;;;;;;;;;;;;;;;
CO;;;;;;;;;;;;;;;;;
MX;;;;;;;;;;;;;;;;;
CO;;;;;;;;;;;;;;;;;
CO;;;;;;;;;;;;;;;;;
MX;;;;;;;;;;;;;;;;;
CO;;;;;;;;;;;;;;;;;
CO;;;;;;;;;;;;;;;;;
MX;;;;;;;;;;;;;;;;;
MX;;;;;;;;;;;;;;;;;
NI;;;;;;;;;;;;;;;;;
NI;;;;;;;;;;;;;;;;;
NI;;;;;;;;;;;;;;;;;
NI;;;;;;;;;;;;;;;;;
MX;;;;;;;;;;;;;;;;;
MX;;;;;;;;;;;;;;;;;
MX;;;;;;;;;;;;;;;;;
BR;;;;;;;;;;;;;;;;;
BR;;;;;;;;;;;;;;;;;
PA;;;;;;;;;;;;;;;;;
BR;;;;;;;;;;;;;;;;;
BR;;;;;;;;;;;;;;;;;
BR;;;;;;;;;;;;;;;;;
BR;;;;;;;;;;;;;;;;;
CO;;;;;;;;;;;;;;;;;
CO;;;;;;;;;;;;;;;;;
CO;;;;;;;;;;;;;;;;;
CO;;;;;;;;;;;;;;;;;
CO;;;;;;;;;;;;;;;;;
CO;;;;;;;;;;;;;;;;;
CO;;;;;;;;;;;;;;;;;
CO;;;;;;;;;;;;;;;;;
CO;;;;;;;;;;;;;;;;;
CO;;;;;;;;;;;;;;;;;
CO;;;;;;;;;;;;;;;;;
CO;;;;;;;;;;;;;;;;;
CO;;;;;;;;;;;;;;;;;
CO;;;;;;;;;;;;;;;;;
CO;;;;;;;;;;;;;;;;;
CO;;;;;;;;;;;;;;;;;
CO;;;;;;;;;;;;;;;;;
CO;;;;;;;;;;;;;;;;;
CO;;;;;;;;;;;;;;;;;
CO;;;;;;;;;;;;;;;;;
CO;;;;;;;;;;;;;;;;;
CO;;;;;;;;;;;;;;;;;
CO;;;;;;;;;;;;;;;;;
CO;;;;;;;;;;;;;;;;;
CO;;;;;;;;;;;;;;;;;
CO;;;;;;;;;;;;;;;;;
CO;;;;;;;;;;;;;;;;;
CO;;;;;;;;;;;;;;;;;
CO;;;;;;;;;;;;;;;;;
CO;;;;;;;;;;;;;;;;;
CO;;;;;;;;;;;;;;;;;
CO;;;;;;;;;;;;;;;;;
CO;;;;;;;;;;;;;;;;;
CO;;;;;;;;;;;;;;;;;
CO;;;;;;;;;;;;;;;;;
CO;;;;;;;;;;;;;;;;;
CO;;;;;;;;;;;;;;;;;
CO;;;;;;;;;;;;;;;;;
CO;;;;;;;;;;;;;;;;;
CO;;;;;;;;;;;;;;;;;
CO;;;;;;;;;;;;;;;;;
CO;;;;;;;;;;;;;;;;;
CO;;;;;;;;;;;;;;;;;
CO;;;;;;;;;;;;;;;;;
CO;;;;;;;;;;;;;;;;;
CO;;;;;;;;;;;;;;;;;
CO;;;;;;;;;;;;;;;;;
CO;;;;;;;;;;;;;;;;;
CO;;;;;;;;;;;;;;;;;
CO;;;;;;;;;;;;;;;;;
CO;;;;;;;;;;;;;;;;;
CO;;;;;;;;;;;;;;;;;
CO;;;;;;;;;;;;;;;;;
CO;;;;;;;;;;;;;;;;;
CO;;;;;;;;;;;;;;;;;
CO;;;;;;;;;;;;;;;;;
CO;;;;;;;;;;;;;;;;;
CO;;;;;;;;;;;;;;;;;
CO;;;;;;;;;;;;;;;;;
CO;;;;;;;;;;;;;;;;;
CO;;;;;;;;;;;;;;;;;
CO;;;;;;;;;;;;;;;;;
CO;;;;;;;;;;;;;;;;;
CO;;;;;;;;;;;;;;;;;
CO;;;;;;;;;;;;;;;;;
CO;;;;;;;;;;;;;;;;;
CO;;;;;;;;;;;;;;;;;
CO;;;;;;;;;;;;;;;;;
CO;;;;;;;;;;;;;;;;;
CO;;;;;;;;;;;;;;;;;
CO;;;;;;;;;;;;;;;;;
CO;;;;;;;;;;;;;;;;;
CO;;;;;;;;;;;;;;;;;
CO;;;;;;;;;;;;;;;;;
CO;;;;;;;;;;;;;;;;;
CO;;;;;;;;;;;;;;;;;
CO;;;;;;;;;;;;;;;;;
CO;;;;;;;;;;;;;;;;;
CO;;;;;;;;;;;;;;;;;
CO;;;;;;;;;;;;;;;;;
CO;;;;;;;;;;;;;;;;;
CO;;;;;;;;;;;;;;;;;
CO;;;;;;;;;;;;;;;;;
CO;;;;;;;;;;;;;;;;;
CO;;;;;;;;;;;;;;;;;
CO;;;;;;;;;;;;;;;;;
CO;;;;;;;;;;;;;;;;;
CO;;;;;;;;;;;;;;;;;
CO;;;;;;;;;;;;;;;;;
CO;;;;;;;;;;;;;;;;;
CO;;;;;;;;;;;;;;;;;
CO;;;;;;;;;;;;;;;;;
CO;;;;;;;;;;;;;;;;;
CO;;;;;;;;;;;;;;;;;
CO;;;;;;;;;;;;;;;;;
CO;;;;;;;;;;;;;;;;;
CO;;;;;;;;;;;;;;;;;
CO;;;;;;;;;;;;;;;;;
CO;;;;;;;;;;;;;;;;;
CO;;;;;;;;;;;;;;;;;
CO;;;;;;;;;;;;;;;;;
CO;;;;;;;;;;;;;;;;;
CO;;;;;;;;;;;;;;;;;
CO;;;;;;;;;;;;;;;;;
CO;;;;;;;;;;;;;;;;;
CO;;;;;;;;;;;;;;;;;
CO;;;;;;;;;;;;;;;;;
CO;;;;;;;;;;;;;;;;;
CO;;;;;;;;;;;;;;;;;
CO;;;;;;;;;;;;;;;;;
CO;;;;;;;;;;;;;;;;;
CO;;;;;;;;;;;;;;;;;
CO;;;;;;;;;;;;;;;;;
CO;;;;;;;;;;;;;;;;;
CO;;;;;;;;;;;;;;;;;
CO;;;;;;;;;;;;;;;;;
CO;;;;;;;;;;;;;;;;;
CO;;;;;;;;;;;;;;;;;
CO;;;;;;;;;;;;;;;;;
CO;;;;;;;;;;;;;;;;;
CO;;;;;;;;;;;;;;;;;
CO;;;;;;;;;;;;;;;;;
CO;;;;;;;;;;;;;;;;;
CO;;;;;;;;;;;;;;;;;
CO;;;;;;;;;;;;;;;;;
CO;;;;;;;;;;;;;;;;;
CO;;;;;;;;;;;;;;;;;
CO;;;;;;;;;;;;;;;;;
CO;;;;;;;;;;;;;;;;;
CO;;;;;;;;;;;;;;;;;
CO;;;;;;;;;;;;;;;;;
CO;;;;;;;;;;;;;;;;;
CO;;;;;;;;;;;;;;;;;
CO;;;;;;;;;;;;;;;;;
CO;;;;;;;;;;;;;;;;;
CO;;;;;;;;;;;;;;;;;
CO;;;;;;;;;;;;;;;;;
CO;;;;;;;;;;;;;;;;;
CO;;;;;;;;;;;;;;;;;
CO;;;;;;;;;;;;;;;;;
CO;;;;;;;;;;;;;;;;;
CO;;;;;;;;;;;;;;;;;
CO;;;;;;;;;;;;;;;;;
CO;;;;;;;;;;;;;;;;;
CO;;;;;;;;;;;;;;;;;
CO;;;;;;;;;;;;;;;;;
CO;;;;;;;;;;;;;;;;;
CO;;;;;;;;;;;;;;;;;
CO;;;;;;;;;;;;;;;;;
CO;;;;;;;;;;;;;;;;;
CO;;;;;;;;;;;;;;;;;
CO;;;;;;;;;;;;;;;;;
CO;;;;;;;;;;;;;;;;;
CO;;;;;;;;;;;;;;;;;
CO;;;;;;;;;;;;;;;;;
CO;;;;;;;;;;;;;;;;;
CO;;;;;;;;;;;;;;;;;
CO;;;;;;;;;;;;;;;;;
CO;;;;;;;;;;;;;;;;;
CO;;;;;;;;;;;;;;;;;
CO;;;;;;;;;;;;;;;;;
CO;;;;;;;;;;;;;;;;;
CO;;;;;;;;;;;;;;;;;
CO;;;;;;;;;;;;;;;;;
CO;;;;;;;;;;;;;;;;;
CO;;;;;;;;;;;;;;;;;
CO;;;;;;;;;;;;;;;;;
CO;;;;;;;;;;;;;;;;;
CO;;;;;;;;;;;;;;;;;
CO;;;;;;;;;;;;;;;;;
CO;;;;;;;;;;;;;;;;;
CO;;;;;;;;;;;;;;;;;
CO;;;;;;;;;;;;;;;;;
CO;;;;;;;;;;;;;;;;;
CO;;;;;;;;;;;;;;;;;
CO;;;;;;;;;;;;;;;;;
CO;;;;;;;;;;;;;;;;;
CO;;;;;;;;;;;;;;;;;
CO;;;;;;;;;;;;;;;;;
CO;;;;;;;;;;;;;;;;;
CO;;;;;;;;;;;;;;;;;
CO;;;;;;;;;;;;;;;;;
CO;;;;;;;;;;;;;;;;;
CO;;;;;;;;;;;;;;;;;
CO;;;;;;;;;;;;;;;;;
CO;;;;;;;;;;;;;;;;;
CO;;;;;;;;;;;;;;;;;
CO;;;;;;;;;;;;;;;;;
CO;;;;;;;;;;;;;;;;;
CO;;;;;;;;;;;;;;;;;
CO;;;;;;;;;;;;;;;;;
CO;;;;;;;;;;;;;;;;;
CO;;;;;;;;;;;;;;;;;
CO;;;;;;;;;;;;;;;;;
CO;;;;;;;;;;;;;;;;;
CO;;;;;;;;;;;;;;;;;
CO;;;;;;;;;;;;;;;;;
CO;;;;;;;;;;;;;;;;;
CO;;;;;;;;;;;;;;;;;
CO;;;;;;;;;;;;;;;;;
CO;;;;;;;;;;;;;;;;;
CO;;;;;;;;;;;;;;;;;
CO;;;;;;;;;;;;;;;;;
CO;;;;;;;;;;;;;;;;;
CO;;;;;;;;;;;;;;;;;
CO;;;;;;;;;;;;;;;;;
CO;;;;;;;;;;;;;;;;;
CO;;;;;;;;;;;;;;;;;
CO;;;;;;;;;;;;;;;;;
CO;;;;;;;;;;;;;;;;;
CO;;;;;;;;;;;;;;;;;
CO;;;;;;;;;;;;;;;;;
CO;;;;;;;;;;;;;;;;;
CO;;;;;;;;;;;;;;;;;
CO;;;;;;;;;;;;;;;;;
CO;;;;;;;;;;;;;;;;;
CO;;;;;;;;;;;;;;;;;
CO;;;;;;;;;;;;;;;;;
CO;;;;;;;;;;;;;;;;;
CO;;;;;;;;;;;;;;;;;
CO;;;;;;;;;;;;;;;;;
CO;;;;;;;;;;;;;;;;;
CO;;;;;;;;;;;;;;;;;
CO;;;;;;;;;;;;;;;;;
CO;;;;;;;;;;;;;;;;;
CO;;;;;;;;;;;;;;;;;
CO;;;;;;;;;;;;;;;;;
CO;;;;;;;;;;;;;;;;;
MX;;;;;;;;;;;;;;;;;
CO;;;;;;;;;;;;;;;;;
CO;;;;;;;;;;;;;;;;;
CO;;;;;;;;;;;;;;;;;
CO;;;;;;;;;;;;;;;;;
CO;;;;;;;;;;;;;;;;;
CO;;;;;;;;;;;;;;;;;
CO;;;;;;;;;;;;;;;;;
CO;;;;;;;;;;;;;;;;;
CO;;;;;;;;;;;;;;;;;
CO;;;;;;;;;;;;;;;;;
CO;;;;;;;;;;;;;;;;;
CO;;;;;;;;;;;;;;;;;
CO;;;;;;;;;;;;;;;;;
CO;;;;;;;;;;;;;;;;;
CO;;;;;;;;;;;;;;;;;
CO;;;;;;;;;;;;;;;;;
CO;;;;;;;;;;;;;;;;;
CO;;;;;;;;;;;;;;;;;
CO;;;;;;;;;;;;;;;;;
CO;;;;;;;;;;;;;;;;;
CO;;;;;;;;;;;;;;;;;
CO;;;;;;;;;;;;;;;;;
CO;;;;;;;;;;;;;;;;;
CO;;;;;;;;;;;;;;;;;
CO;;;;;;;;;;;;;;;;;
CO;;;;;;;;;;;;;;;;;
CO;;;;;;;;;;;;;;;;;
CO;;;;;;;;;;;;;;;;;
CO;;;;;;;;;;;;;;;;;
CO;;;;;;;;;;;;;;;;;
CO;;;;;;;;;;;;;;;;;
CO;;;;;;;;;;;;;;;;;
CO;;;;;;;;;;;;;;;;;
CO;;;;;;;;;;;;;;;;;
CO;;;;;;;;;;;;;;;;;
CO;;;;;;;;;;;;;;;;;
CO;;;;;;;;;;;;;;;;;
CO;;;;;;;;;;;;;;;;;
CO;;;;;;;;;;;;;;;;;
CO;;;;;;;;;;;;;;;;;
CO;;;;;;;;;;;;;;;;;
CO;;;;;;;;;;;;;;;;;
CO;;;;;;;;;;;;;;;;;
CO;;;;;;;;;;;;;;;;;
CO;;;;;;;;;;;;;;;;;
CO;;;;;;;;;;;;;;;;;
CO;;;;;;;;;;;;;;;;;
CO;;;;;;;;;;;;;;;;;
CO;;;;;;;;;;;;;;;;;
CO;;;;;;;;;;;;;;;;;
CO;;;;;;;;;;;;;;;;;
CO;;;;;;;;;;;;;;;;;
CO;;;;;;;;;;;;;;;;;
CO;;;;;;;;;;;;;;;;;
CO;;;;;;;;;;;;;;;;;
CO;;;;;;;;;;;;;;;;;
CO;;;;;;;;;;;;;;;;;
CO;;;;;;;;;;;;;;;;;
CO;;;;;;;;;;;;;;;;;
CO;;;;;;;;;;;;;;;;;
CO;;;;;;;;;;;;;;;;;
CO;;;;;;;;;;;;;;;;;
CO;;;;;;;;;;;;;;;;;
CO;;;;;;;;;;;;;;;;;
CO;;;;;;;;;;;;;;;;;
CO;;;;;;;;;;;;;;;;;
CO;;;;;;;;;;;;;;;;;
CO;;;;;;;;;;;;;;;;;
CO;;;;;;;;;;;;;;;;;
CO;;;;;;;;;;;;;;;;;
CO;;;;;;;;;;;;;;;;;
CO;;;;;;;;;;;;;;;;;
CO;;;;;;;;;;;;;;;;;
CO;;;;;;;;;;;;;;;;;
CO;;;;;;;;;;;;;;;;;
CO;;;;;;;;;;;;;;;;;
CO;;;;;;;;;;;;;;;;;
CO;;;;;;;;;;;;;;;;;
CO;;;;;;;;;;;;;;;;;
CO;;;;;;;;;;;;;;;;;
CO;;;;;;;;;;;;;;;;;
CO;;;;;;;;;;;;;;;;;
CO;;;;;;;;;;;;;;;;;
CO;;;;;;;;;;;;;;;;;
CO;;;;;;;;;;;;;;;;;
CO;;;;;;;;;;;;;;;;;
CO;;;;;;;;;;;;;;;;;
CO;;;;;;;;;;;;;;;;;
CO;;;;;;;;;;;;;;;;;
CO;;;;;;;;;;;;;;;;;
CO;;;;;;;;;;;;;;;;;
CO;;;;;;;;;;;;;;;;;
PA;;;;;;;;;;;;;;;;;
PA;;;;;;;;;;;;;;;;;
CO;;;;;;;;;;;;;;;;;
CO;;;;;;;;;;;;;;;;;
CO;;;;;;;;;;;;;;;;;
CO;;;;;;;;;;;;;;;;;
CO;;;;;;;;;;;;;;;;;
CO;;;;;;;;;;;;;;;;;
CO;;;;;;;;;;;;;;;;;
BR;;;;;;;;;;;;;;;;;
CO;;;;;;;;;;;;;;;;;
CO;;;;;;;;;;;;;;;;;
CO;;;;;;;;;;;;;;;;;
CO;;;;;;;;;;;;;;;;;
CO;;;;;;;;;;;;;;;;;
CO;;;;;;;;;;;;;;;;;
BR;;;;;;;;;;;;;;;;;
BR;;;;;;;;;;;;;;;;;
CO;;;;;;;;;;;;;;;;;
CO;;;;;;;;;;;;;;;;;
BR;;;;;;;;;;;;;;;;;
BR;;;;;;;;;;;;;;;;;
BR;;;;;;;;;;;;;;;;;
BR;;;;;;;;;;;;;;;;;
BR;;;;;;;;;;;;;;;;;
CO;;;;;;;;;;;;;;;;;
CO;;;;;;;;;;;;;;;;;
BR;;;;;;;;;;;;;;;;;
CO;;;;;;;;;;;;;;;;;
CO;;;;;;;;;;;;;;;;;
BR;;;;;;;;;;;;;;;;;
BR;;;;;;;;;;;;;;;;;
BR;;;;;;;;;;;;;;;;;
CO;;;;;;;;;;;;;;;;;
BR;;;;;;;;;;;;;;;;;
BR;;;;;;;;;;;;;;;;;
BR;;;;;;;;;;;;;;;;;
BR;;;;;;;;;;;;;;;;;
BR;;;;;;;;;;;;;;;;;
BR;;;;;;;;;;;;;;;;;
BR;;;;;;;;;;;;;;;;;
BR;;;;;;;;;;;;;;;;;
BR;;;;;;;;;;;;;;;;;
CO;;;;;;;;;;;;;;;;;
BR;;;;;;;;;;;;;;;;;
BR;;;;;;;;;;;;;;;;;
BR;;;;;;;;;;;;;;;;;
CO;;;;;;;;;;;;;;;;;
BR;;;;;;;;;;;;;;;;;
BR;;;;;;;;;;;;;;;;;
BR;;;;;;;;;;;;;;;;;
CO;;;;;;;;;;;;;;;;;
BR;;;;;;;;;;;;;;;;;
BR;;;;;;;;;;;;;;;;;
BR;;;;;;;;;;;;;;;;;
BR;;;;;;;;;;;;;;;;;
BR;;;;;;;;;;;;;;;;;
BR;;;;;;;;;;;;;;;;;
BR;;;;;;;;;;;;;;;;;
BR;;;;;;;;;;;;;;;;;
BR;;;;;;;;;;;;;;;;;
BR;;;;;;;;;;;;;;;;;
BR;;;;;;;;;;;;;;;;;
BR;;;;;;;;;;;;;;;;;
BR;;;;;;;;;;;;;;;;;
CO;;;;;;;;;;;;;;;;;
BR;;;;;;;;;;;;;;;;;
BR;;;;;;;;;;;;;;;;;
BR;;;;;;;;;;;;;;;;;
BR;;;;;;;;;;;;;;;;;
BR;;;;;;;;;;;;;;;;;
BR;;;;;;;;;;;;;;;;;
BR;;;;;;;;;;;;;;;;;
BR;;;;;;;;;;;;;;;;;
BR;;;;;;;;;;;;;;;;;
BR;;;;;;;;;;;;;;;;;
BR;;;;;;;;;;;;;;;;;
BR;;;;;;;;;;;;;;;;;
BR;;;;;;;;;;;;;;;;;
BR;;;;;;;;;;;;;;;;;
CO;;;;;;;;;;;;;;;;;
BR;;;;;;;;;;;;;;;;;
CO;;;;;;;;;;;;;;;;;
BR;;;;;;;;;;;;;;;;;
BR;;;;;;;;;;;;;;;;;
CO;;;;;;;;;;;;;;;;;
BR;;;;;;;;;;;;;;;;;
BR;;;;;;;;;;;;;;;;;
CO;;;;;;;;;;;;;;;;;
BR;;;;;;;;;;;;;;;;;
BR;;;;;;;;;;;;;;;;;
CO;;;;;;;;;;;;;;;;;
CO;;;;;;;;;;;;;;;;;
BR;;;;;;;;;;;;;;;;;
BR;;;;;;;;;;;;;;;;;
BR;;;;;;;;;;;;;;;;;
CO;;;;;;;;;;;;;;;;;
BR;;;;;;;;;;;;;;;;;
CO;;;;;;;;;;;;;;;;;
CO;;;;;;;;;;;;;;;;;
CO;;;;;;;;;;;;;;;;;
BR;;;;;;;;;;;;;;;;;
BR;;;;;;;;;;;;;;;;;
BR;;;;;;;;;;;;;;;;;
CO;;;;;;;;;;;;;;;;;
BR;;;;;;;;;;;;;;;;;
BR;;;;;;;;;;;;;;;;;
BR;;;;;;;;;;;;;;;;;
CO;;;;;;;;;;;;;;;;;
CO;;;;;;;;;;;;;;;;;
BR;;;;;;;;;;;;;;;;;
CO;;;;;;;;;;;;;;;;;
BR;;;;;;;;;;;;;;;;;
BR;;;;;;;;;;;;;;;;;
BR;;;;;;;;;;;;;;;;;
BR;;;;;;;;;;;;;;;;;
BR;;;;;;;;;;;;;;;;;
BR;;;;;;;;;;;;;;;;;
BR;;;;;;;;;;;;;;;;;
BR;;;;;;;;;;;;;;;;;
BR;;;;;;;;;;;;;;;;;
BR;;;;;;;;;;;;;;;;;
BR;;;;;;;;;;;;;;;;;
BR;;;;;;;;;;;;;;;;;
BR;;;;;;;;;;;;;;;;;
BR;;;;;;;;;;;;;;;;;
BR;;;;;;;;;;;;;;;;;
BR;;;;;;;;;;;;;;;;;
BR;;;;;;;;;;;;;;;;;
BR;;;;;;;;;;;;;;;;;
BR;;;;;;;;;;;;;;;;;
BR;;;;;;;;;;;;;;;;;
BR;;;;;;;;;;;;;;;;;
BR;;;;;;;;;;;;;;;;;
BR;;;;;;;;;;;;;;;;;
BR;;;;;;;;;;;;;;;;;
BR;;;;;;;;;;;;;;;;;
BR;;;;;;;;;;;;;;;;;
BR;;;;;;;;;;;;;;;;;
BR;;;;;;;;;;;;;;;;;
BR;;;;;;;;;;;;;;;;;
CO;;;;;;;;;;;;;;;;;
BR;;;;;;;;;;;;;;;;;
BR;;;;;;;;;;;;;;;;;
BR;;;;;;;;;;;;;;;;;
BR;;;;;;;;;;;;;;;;;
BR;;;;;;;;;;;;;;;;;
BR;;;;;;;;;;;;;;;;;
BR;;;;;;;;;;;;;;;;;
CO;;;;;;;;;;;;;;;;;
BR;;;;;;;;;;;;;;;;;
BR;;;;;;;;;;;;;;;;;
BR;;;;;;;;;;;;;;;;;
BR;;;;;;;;;;;;;;;;;
CO;;;;;;;;;;;;;;;;;
BR;;;;;;;;;;;;;;;;;
BR;;;;;;;;;;;;;;;;;
CO;;;;;;;;;;;;;;;;;
BR;;;;;;;;;;;;;;;;;
BR;;;;;;;;;;;;;;;;;
BR;;;;;;;;;;;;;;;;;
BR;;;;;;;;;;;;;;;;;
BR;;;;;;;;;;;;;;;;;
BR;;;;;;;;;;;;;;;;;
BR;;;;;;;;;;;;;;;;;
CO;;;;;;;;;;;;;;;;;
BR;;;;;;;;;;;;;;;;;
BR;;;;;;;;;;;;;;;;;
BR;;;;;;;;;;;;;;;;;
CO;;;;;;;;;;;;;;;;;
BR;;;;;;;;;;;;;;;;;
CO;;;;;;;;;;;;;;;;;
CO;;;;;;;;;;;;;;;;;
BR;;;;;;;;;;;;;;;;;
CO;;;;;;;;;;;;;;;;;
BR;;;;;;;;;;;;;;;;;
BR;;;;;;;;;;;;;;;;;
CO;;;;;;;;;;;;;;;;;
CO;;;;;;;;;;;;;;;;;
CO;;;;;;;;;;;;;;;;;
CO;;;;;;;;;;;;;;;;;
BR;;;;;;;;;;;;;;;;;
BR;;;;;;;;;;;;;;;;;
BR;;;;;;;;;;;;;;;;;
CO;;;;;;;;;;;;;;;;;
CO;;;;;;;;;;;;;;;;;
CO;;;;;;;;;;;;;;;;;
CO;;;;;;;;;;;;;;;;;
CO;;;;;;;;;;;;;;;;;
CO;;;;;;;;;;;;;;;;;
CO;;;;;;;;;;;;;;;;;
CO;;;;;;;;;;;;;;;;;
CO;;;;;;;;;;;;;;;;;
CO;;;;;;;;;;;;;;;;;
CO;;;;;;;;;;;;;;;;;
CO;;;;;;;;;;;;;;;;;
CO;;;;;;;;;;;;;;;;;
CO;;;;;;;;;;;;;;;;;
CO;;;;;;;;;;;;;;;;;
CO;;;;;;;;;;;;;;;;;
CO;;;;;;;;;;;;;;;;;
CO;;;;;;;;;;;;;;;;;
CO;;;;;;;;;;;;;;;;;
CO;;;;;;;;;;;;;;;;;
CO;;;;;;;;;;;;;;;;;
CR;;;;;;;;;;;;;;;;;
CR;;;;;;;;;;;;;;;;;
CR;;;;;;;;;;;;;;;;;
CR;;;;;;;;;;;;;;;;;
CR;;;;;;;;;;;;;;;;;
CR;;;;;;;;;;;;;;;;;
CR;;;;;;;;;;;;;;;;;
CR;;;;;;;;;;;;;;;;;
CR;;;;;;;;;;;;;;;;;
CR;;;;;;;;;;;;;;;;;
MX;;;;;;;;;;;;;;;;;
MX;;;;;;;;;;;;;;;;;
CR;;;;;;;;;;;;;;;;;
CR;;;;;;;;;;;;;;;;;
CR;;;;;;;;;;;;;;;;;
CR;;;;;;;;;;;;;;;;;
CR;;;;;;;;;;;;;;;;;
NI;;;;;;;;;;;;;;;;;
CR;;;;;;;;;;;;;;;;;
NI;;;;;;;;;;;;;;;;;
CR;;;;;;;;;;;;;;;;;
CR;;;;;;;;;;;;;;;;;
MX;;;;;;;;;;;;;;;;;
NI;;;;;;;;;;;;;;;;;
NI;;;;;;;;;;;;;;;;;
NI;;;;;;;;;;;;;;;;;
NI;;;;;;;;;;;;;;;;;
NI;;;;;;;;;;;;;;;;;
NI;;;;;;;;;;;;;;;;;
NI;;;;;;;;;;;;;;;;;
NI;;;;;;;;;;;;;;;;;
NI;;;;;;;;;;;;;;;;;
NI;;;;;;;;;;;;;;;;;
NI;;;;;;;;;;;;;;;;;
NI;;;;;;;;;;;;;;;;;
NI;;;;;;;;;;;;;;;;;
NI;;;;;;;;;;;;;;;;;
NI;;;;;;;;;;;;;;;;;
NI;;;;;;;;;;;;;;;;;
NI;;;;;;;;;;;;;;;;;
NI;;;;;;;;;;;;;;;;;
NI;;;;;;;;;;;;;;;;;
NI;;;;;;;;;;;;;;;;;
NI;;;;;;;;;;;;;;;;;
NI;;;;;;;;;;;;;;;;;
CR;;;;;;;;;;;;;;;;;
MX;;;;;;;;;;;;;;;;;
MX;;;;;;;;;;;;;;;;;
MX;;;;;;;;;;;;;;;;;
MX;;;;;;;;;;;;;;;;;
MX;;;;;;;;;;;;;;;;;
MX;;;;;;;;;;;;;;;;;
MX;;;;;;;;;;;;;;;;;
MX;;;;;;;;;;;;;;;;;
MX;;;;;;;;;;;;;;;;;
MX;;;;;;;;;;;;;;;;;
MX;;;;;;;;;;;;;;;;;
MX;;;;;;;;;;;;;;;;;
MX;;;;;;;;;;;;;;;;;
MX;;;;;;;;;;;;;;;;;
MX;;;;;;;;;;;;;;;;;
MX;;;;;;;;;;;;;;;;;
MX;;;;;;;;;;;;;;;;;
MX;;;;;;;;;;;;;;;;;
MX;;;;;;;;;;;;;;;;;
MX;;;;;;;;;;;;;;;;;
MX;;;;;;;;;;;;;;;;;
MX;;;;;;;;;;;;;;;;;
CR;;;;;;;;;;;;;;;;;
CR;;;;;;;;;;;;;;;;;
CR;;;;;;;;;;;;;;;;;
CR;;;;;;;;;;;;;;;;;
CR;;;;;;;;;;;;;;;;;
CR;;;;;;;;;;;;;;;;;
CR;;;;;;;;;;;;;;;;;
CR;;;;;;;;;;;;;;;;;
CR;;;;;;;;;;;;;;;;;
CR;;;;;;;;;;;;;;;;;
CR;;;;;;;;;;;;;;;;;
CR;;;;;;;;;;;;;;;;;
CR;;;;;;;;;;;;;;;;;
CR;;;;;;;;;;;;;;;;;
CR;;;;;;;;;;;;;;;;;
CR;;;;;;;;;;;;;;;;;
CR;;;;;;;;;;;;;;;;;
CR;;;;;;;;;;;;;;;;;
CR;;;;;;;;;;;;;;;;;
CR;;;;;;;;;;;;;;;;;
CR;;;;;;;;;;;;;;;;;
CR;;;;;;;;;;;;;;;;;
CR;;;;;;;;;;;;;;;;;
CR;;;;;;;;;;;;;;;;;
CR;;;;;;;;;;;;;;;;;
CR;;;;;;;;;;;;;;;;;
CR;;;;;;;;;;;;;;;;;
CR;;;;;;;;;;;;;;;;;
CR;;;;;;;;;;;;;;;;;
CR;;;;;;;;;;;;;;;;;
CR;;;;;;;;;;;;;;;;;
CR;;;;;;;;;;;;;;;;;
CR;;;;;;;;;;;;;;;;;
CR;;;;;;;;;;;;;;;;;
CR;;;;;;;;;;;;;;;;;
CR;;;;;;;;;;;;;;;;;
CR;;;;;;;;;;;;;;;;;
CR;;;;;;;;;;;;;;;;;
CR;;;;;;;;;;;;;;;;;
CR;;;;;;;;;;;;;;;;;
CR;;;;;;;;;;;;;;;;;
CR;;;;;;;;;;;;;;;;;
CR;;;;;;;;;;;;;;;;;
CR;;;;;;;;;;;;;;;;;
CR;;;;;;;;;;;;;;;;;
CR;;;;;;;;;;;;;;;;;
CR;;;;;;;;;;;;;;;;;
CR;;;;;;;;;;;;;;;;;
CR;;;;;;;;;;;;;;;;;
CR;;;;;;;;;;;;;;;;;
CR;;;;;;;;;;;;;;;;;
CR;;;;;;;;;;;;;;;;;
CR;;;;;;;;;;;;;;;;;
CR;;;;;;;;;;;;;;;;;
CR;;;;;;;;;;;;;;;;;
CR;;;;;;;;;;;;;;;;;
CR;;;;;;;;;;;;;;;;;
CR;;;;;;;;;;;;;;;;;
CR;;;;;;;;;;;;;;;;;
CR;;;;;;;;;;;;;;;;;
CR;;;;;;;;;;;;;;;;;
CR;;;;;;;;;;;;;;;;;
CR;;;;;;;;;;;;;;;;;
CR;;;;;;;;;;;;;;;;;
CR;;;;;;;;;;;;;;;;;
CR;;;;;;;;;;;;;;;;;
CR;;;;;;;;;;;;;;;;;
CR;;;;;;;;;;;;;;;;;
CR;;;;;;;;;;;;;;;;;
CR;;;;;;;;;;;;;;;;;
CR;;;;;;;;;;;;;;;;;
CR;;;;;;;;;;;;;;;;;
CR;;;;;;;;;;;;;;;;;
CR;;;;;;;;;;;;;;;;;
CR;;;;;;;;;;;;;;;;;
CR;;;;;;;;;;;;;;;;;
CR;;;;;;;;;;;;;;;;;
CR;;;;;;;;;;;;;;;;;
CR;;;;;;;;;;;;;;;;;
CR;;;;;;;;;;;;;;;;;
CR;;;;;;;;;;;;;;;;;
CR;;;;;;;;;;;;;;;;;
CR;;;;;;;;;;;;;;;;;
CR;;;;;;;;;;;;;;;;;
CR;;;;;;;;;;;;;;;;;
CR;;;;;;;;;;;;;;;;;
CR;;;;;;;;;;;;;;;;;
CR;;;;;;;;;;;;;;;;;
CR;;;;;;;;;;;;;;;;;
CR;;;;;;;;;;;;;;;;;
CR;;;;;;;;;;;;;;;;;
CR;;;;;;;;;;;;;;;;;
CR;;;;;;;;;;;;;;;;;
CR;;;;;;;;;;;;;;;;;
CR;;;;;;;;;;;;;;;;;
CR;;;;;;;;;;;;;;;;;
CR;;;;;;;;;;;;;;;;;
CR;;;;;;;;;;;;;;;;;
CR;;;;;;;;;;;;;;;;;
CR;;;;;;;;;;;;;;;;;
CR;;;;;;;;;;;;;;;;;
CR;;;;;;;;;;;;;;;;;
CR;;;;;;;;;;;;;;;;;
CR;;;;;;;;;;;;;;;;;
CR;;;;;;;;;;;;;;;;;
CR;;;;;;;;;;;;;;;;;
CR;;;;;;;;;;;;;;;;;
CR;;;;;;;;;;;;;;;;;
CR;;;;;;;;;;;;;;;;;
CR;;;;;;;;;;;;;;;;;
CR;;;;;;;;;;;;;;;;;
CR;;;;;;;;;;;;;;;;;
CR;;;;;;;;;;;;;;;;;
CR;;;;;;;;;;;;;;;;;
CR;;;;;;;;;;;;;;;;;
CR;;;;;;;;;;;;;;;;;
CR;;;;;;;;;;;;;;;;;
CR;;;;;;;;;;;;;;;;;
CR;;;;;;;;;;;;;;;;;
CR;;;;;;;;;;;;;;;;;
CR;;;;;;;;;;;;;;;;;
CR;;;;;;;;;;;;;;;;;
CR;;;;;;;;;;;;;;;;;
CR;;;;;;;;;;;;;;;;;
CR;;;;;;;;;;;;;;;;;
CR;;;;;;;;;;;;;;;;;
CR;;;;;;;;;;;;;;;;;
CR;;;;;;;;;;;;;;;;;
CR;;;;;;;;;;;;;;;;;
CR;;;;;;;;;;;;;;;;;
CR;;;;;;;;;;;;;;;;;
CR;;;;;;;;;;;;;;;;;
CR;;;;;;;;;;;;;;;;;
CR;;;;;;;;;;;;;;;;;
CR;;;;;;;;;;;;;;;;;
CR;;;;;;;;;;;;;;;;;
CR;;;;;;;;;;;;;;;;;
CR;;;;;;;;;;;;;;;;;
CR;;;;;;;;;;;;;;;;;
CR;;;;;;;;;;;;;;;;;
CR;;;;;;;;;;;;;;;;;
CR;;;;;;;;;;;;;;;;;
CR;;;;;;;;;;;;;;;;;
CR;;;;;;;;;;;;;;;;;
CR;;;;;;;;;;;;;;;;;
CR;;;;;;;;;;;;;;;;;
CR;;;;;;;;;;;;;;;;;
CR;;;;;;;;;;;;;;;;;
CR;;;;;;;;;;;;;;;;;
CR;;;;;;;;;;;;;;;;;
CR;;;;;;;;;;;;;;;;;
CR;;;;;;;;;;;;;;;;;
CR;;;;;;;;;;;;;;;;;
CR;;;;;;;;;;;;;;;;;
CR;;;;;;;;;;;;;;;;;
CR;;;;;;;;;;;;;;;;;
CR;;;;;;;;;;;;;;;;;
CR;;;;;;;;;;;;;;;;;
CR;;;;;;;;;;;;;;;;;
CR;;;;;;;;;;;;;;;;;
CR;;;;;;;;;;;;;;;;;
CR;;;;;;;;;;;;;;;;;
CR;;;;;;;;;;;;;;;;;
CR;;;;;;;;;;;;;;;;;
CR;;;;;;;;;;;;;;;;;
CR;;;;;;;;;;;;;;;;;
CR;;;;;;;;;;;;;;;;;
CR;;;;;;;;;;;;;;;;;
CR;;;;;;;;;;;;;;;;;
CR;;;;;;;;;;;;;;;;;
CR;;;;;;;;;;;;;;;;;
CR;;;;;;;;;;;;;;;;;
CR;;;;;;;;;;;;;;;;;
CR;;;;;;;;;;;;;;;;;
CR;;;;;;;;;;;;;;;;;
CR;;;;;;;;;;;;;;;;;
CR;;;;;;;;;;;;;;;;;
CR;;;;;;;;;;;;;;;;;
CR;;;;;;;;;;;;;;;;;
CR;;;;;;;;;;;;;;;;;
CR;;;;;;;;;;;;;;;;;
CR;;;;;;;;;;;;;;;;;
CR;;;;;;;;;;;;;;;;;
CR;;;;;;;;;;;;;;;;;
CR;;;;;;;;;;;;;;;;;
CR;;;;;;;;;;;;;;;;;
CR;;;;;;;;;;;;;;;;;
CR;;;;;;;;;;;;;;;;;
CR;;;;;;;;;;;;;;;;;
CR;;;;;;;;;;;;;;;;;
CR;;;;;;;;;;;;;;;;;
CR;;;;;;;;;;;;;;;;;
CR;;;;;;;;;;;;;;;;;
CR;;;;;;;;;;;;;;;;;
CR;;;;;;;;;;;;;;;;;
CR;;;;;;;;;;;;;;;;;
CR;;;;;;;;;;;;;;;;;
CR;;;;;;;;;;;;;;;;;
CR;;;;;;;;;;;;;;;;;
CR;;;;;;;;;;;;;;;;;
CR;;;;;;;;;;;;;;;;;
CR;;;;;;;;;;;;;;;;;
CR;;;;;;;;;;;;;;;;;
CR;;;;;;;;;;;;;;;;;
CR;;;;;;;;;;;;;;;;;
CR;;;;;;;;;;;;;;;;;
CR;;;;;;;;;;;;;;;;;
CR;;;;;;;;;;;;;;;;;
CR;;;;;;;;;;;;;;;;;
CR;;;;;;;;;;;;;;;;;
CR;;;;;;;;;;;;;;;;;
CR;;;;;;;;;;;;;;;;;
CR;;;;;;;;;;;;;;;;;
CR;;;;;;;;;;;;;;;;;
CR;;;;;;;;;;;;;;;;;
CR;;;;;;;;;;;;;;;;;
CR;;;;;;;;;;;;;;;;;
NI;;;;;;;;;;;;;;;;;
BR;;;;;;;;;;;;;;;;;
BR;;;;;;;;;;;;;;;;;
BR;;;;;;;;;;;;;;;;;
BR;;;;;;;;;;;;;;;;;
BR;;;;;;;;;;;;;;;;;
BR;;;;;;;;;;;;;;;;;
BR;;;;;;;;;;;;;;;;;
BR;;;;;;;;;;;;;;;;;
BR;;;;;;;;;;;;;;;;;
BR;;;;;;;;;;;;;;;;;
BR;;;;;;;;;;;;;;;;;
BR;;;;;;;;;;;;;;;;;
BR;;;;;;;;;;;;;;;;;
BR;;;;;;;;;;;;;;;;;
BR;;;;;;;;;;;;;;;;;
BR;;;;;;;;;;;;;;;;;
BR;;;;;;;;;;;;;;;;;
BR;;;;;;;;;;;;;;;;;
MX;;;;;;;;;;;;;;;;;
BR;;;;;;;;;;;;;;;;;
NI;;;;;;;;;;;;;;;;;
BR;;;;;;;;;;;;;;;;;
NI;;;;;;;;;;;;;;;;;
BR;;;;;;;;;;;;;;;;;
PA;;;;;;;;;;;;;;;;;
BR;;;;;;;;;;;;;;;;;
BR;;;;;;;;;;;;;;;;;
PA;;;;;;;;;;;;;;;;;
NI;;;;;;;;;;;;;;;;;
BR;;;;;;;;;;;;;;;;;
BR;;;;;;;;;;;;;;;;;
NI;;;;;;;;;;;;;;;;;
NI;;;;;;;;;;;;;;;;;
BR;;;;;;;;;;;;;;;;;
BR;;;;;;;;;;;;;;;;;
BR;;;;;;;;;;;;;;;;;
BR;;;;;;;;;;;;;;;;;
BR;;;;;;;;;;;;;;;;;
BR;;;;;;;;;;;;;;;;;
BR;;;;;;;;;;;;;;;;;
CO;;;;;;;;;;;;;;;;;
BR;;;;;;;;;;;;;;;;;
BR;;;;;;;;;;;;;;;;;
NI;;;;;;;;;;;;;;;;;
NI;;;;;;;;;;;;;;;;;
NI;;;;;;;;;;;;;;;;;
NI;;;;;;;;;;;;;;;;;
NI;;;;;;;;;;;;;;;;;
NI;;;;;;;;;;;;;;;;;
NI;;;;;;;;;;;;;;;;;
NI;;;;;;;;;;;;;;;;;
NI;;;;;;;;;;;;;;;;;
NI;;;;;;;;;;;;;;;;;
NI;;;;;;;;;;;;;;;;;
NI;;;;;;;;;;;;;;;;;
NI;;;;;;;;;;;;;;;;;
NI;;;;;;;;;;;;;;;;;
NI;;;;;;;;;;;;;;;;;
NI;;;;;;;;;;;;;;;;;
NI;;;;;;;;;;;;;;;;;
NI;;;;;;;;;;;;;;;;;
NI;;;;;;;;;;;;;;;;;
NI;;;;;;;;;;;;;;;;;
NI;;;;;;;;;;;;;;;;;
NI;;;;;;;;;;;;;;;;;
NI;;;;;;;;;;;;;;;;;
NI;;;;;;;;;;;;;;;;;
NI;;;;;;;;;;;;;;;;;
NI;;;;;;;;;;;;;;;;;
NI;;;;;;;;;;;;;;;;;
NI;;;;;;;;;;;;;;;;;
NI;;;;;;;;;;;;;;;;;
NI;;;;;;;;;;;;;;;;;
NI;;;;;;;;;;;;;;;;;
NI;;;;;;;;;;;;;;;;;
NI;;;;;;;;;;;;;;;;;
NI;;;;;;;;;;;;;;;;;
NI;;;;;;;;;;;;;;;;;
NI;;;;;;;;;;;;;;;;;
NI;;;;;;;;;;;;;;;;;
NI;;;;;;;;;;;;;;;;;
NI;;;;;;;;;;;;;;;;;
NI;;;;;;;;;;;;;;;;;
CR;;;;;;;;;;;;;;;;;
CO;;;;;;;;;;;;;;;;;
CR;;;;;;;;;;;;;;;;;
CR;;;;;;;;;;;;;;;;;
CR;;;;;;;;;;;;;;;;;
CO;;;;;;;;;;;;;;;;;
CO;;;;;;;;;;;;;;;;;
CO;;;;;;;;;;;;;;;;;
CO;;;;;;;;;;;;;;;;;
CO;;;;;;;;;;;;;;;;;
CO;;;;;;;;;;;;;;;;;
CO;;;;;;;;;;;;;;;;;
CO;;;;;;;;;;;;;;;;;
CO;;;;;;;;;;;;;;;;;
CO;;;;;;;;;;;;;;;;;
CO;;;;;;;;;;;;;;;;;
CO;;;;;;;;;;;;;;;;;
MX;;;;;;;;;;;;;;;;;
MX;;;;;;;;;;;;;;;;;
MX;;;;;;;;;;;;;;;;;
MX;;;;;;;;;;;;;;;;;
CR;;;;;;;;;;;;;;;;;
MX;;;;;;;;;;;;;;;;;
MX;;;;;;;;;;;;;;;;;
MX;;;;;;;;;;;;;;;;;
MX;;;;;;;;;;;;;;;;;
MX;;;;;;;;;;;;;;;;;
MX;;;;;;;;;;;;;;;;;
MX;;;;;;;;;;;;;;;;;
MX;;;;;;;;;;;;;;;;;
MX;;;;;;;;;;;;;;;;;
MX;;;;;;;;;;;;;;;;;
MX;;;;;;;;;;;;;;;;;
MX;;;;;;;;;;;;;;;;;
MX;;;;;;;;;;;;;;;;;
MX;;;;;;;;;;;;;;;;;
MX;;;;;;;;;;;;;;;;;
MX;;;;;;;;;;;;;;;;;
MX;;;;;;;;;;;;;;;;;
MX;;;;;;;;;;;;;;;;;
MX;;;;;;;;;;;;;;;;;
MX;;;;;;;;;;;;;;;;;
MX;;;;;;;;;;;;;;;;;
MX;;;;;;;;;;;;;;;;;
MX;;;;;;;;;;;;;;;;;
MX;;;;;;;;;;;;;;;;;
MX;;;;;;;;;;;;;;;;;
MX;;;;;;;;;;;;;;;;;
MX;;;;;;;;;;;;;;;;;
MX;;;;;;;;;;;;;;;;;
MX;;;;;;;;;;;;;;;;;
MX;;;;;;;;;;;;;;;;;
MX;;;;;;;;;;;;;;;;;
MX;;;;;;;;;;;;;;;;;
MX;;;;;;;;;;;;;;;;;
MX;;;;;;;;;;;;;;;;;
